HUC Code,HUC Name,Installed BMPs,Active BMPs,Installed Acres,Active Acres,Sediment Reduction (tons),Phosphorus Reduction (lbs.),Nitrogen Reduction (lbs.),Most Frequent BMP,Id,ALBERSACRE,UTMACRES,x,y
040500011601,Rivir Lake-Forker Creek,11,25,166.3,212.847658402,911.763828487,1008.02565903,2015.66406767,"Residue and Tillage Management, No-Till",0,11963.2975304,11959.6089512,,
040500011602,Winebrenner Branch-Carrol Creek,30,31,443.9,447.6,1171.77984457,1373.33388536,2745.46448511,Cover Crop,0,11803.7902359,11799.2040355,,
040500011604,Muncie Lake-South Branch Elkhart River,18,33,62.4,98.7834022039,263.978895271,310.109339649,616.019456525,Early Successional Habitat Development/Management,0,10530.7404,10526.9411021,,
040500011705,Coppes Ditch-Turkey Creek,0,0,0,0,0,0,0,N/a,0,14412.3588477,14404.337584,,
041000030704,Black Creek,48,83,791,889.588705234,2322.06443187,2713.17559467,5425.99614929,Cover Crop,0,15715.8207734,15711.8163486,,
041000030705,King Lake-Little Cedar Creek,29,30,429.7,664,1682.26090375,1917.74004701,3839.51742813,Cover Crop,0,15051.3980577,15048.1481577,,
041000030706,Willow Creek,35,39,894.2,903.199931129,1527.31997411,1932.25769745,3861.79001304,Early Successional Habitat Development/Management,0,20615.885121,20611.0869404,,
041000030707,Dosch Ditch-Cedar Creek,17,20,610.3,626,1973.00434205,2212.5766438,4423.88545611,Cover Crop,0,23479,23475.0776159,,
041000030801,Hursey Ditches-Bear Creek,22,23,476.3,476.4,1781.91350826,1944.0345104,3886.33666939,Cover Crop,0,17508,17506.9140099,,
041000030802,Metcalf Ditch-St Joseph River,42,43,1479.1,1479.2,5149.93549626,5680.9922474,11358.3804813,Cover Crop,0,21498,21497.6881567,,
041000030803,Swartz Carnahan Ditch-St Josepf River,5,5,91.3,91.3,129.211371101,164.787354461,329.330207882,Cover Crop,0,12699,12697.7295682,,
041000030804,Cedarville Reservoir-St Joseph River,13,13,207.2,207.2,241.857974773,325.003795324,649.418509106,Cover Crop,0,12920,12918.2208961,,
041000030805,Ely Run-St Joseph River,13,13,226.7,226.7,258.525275048,348.947921243,697.252390618,Cover Crop,0,18203,18200.6086375,,
041000030806,Becketts Run-St Joseph River,0,0,0,0,0,0,0,N/a,0,13137.7969958,13135.4940922,,
041000040302,Black Creek,0,0,0,0,0,0,0,N/a,0,18885,1.01141698,,
041000040304,Duck Creek,2,2,20,20,20.5366523303,28.972539186,57.8824998398,Cover Crop,0,10165,2710.65702495,,
041000040305,Town of Willshire-St Marys River,7,7,163.4,163.4,195.613063651,264.369972504,528.249442682,"Residue and Tillage Management, No-Till",0,8570,1419.80131106,,
041000040401,Twentyseven Mile Creek,1,1,10,10,10.7905148526,15.0821416711,30.1327037242,Cover Crop,0,18358,2441.59706981,,
041000040402,Gales Ditch,19,29,38.7952708907,75.7274104683,313.460106812,363.587828994,727.877099372,Early Successional Habitat Development/Management,0,12557,12556.6766193,,
041000040403,Headwaters Blue Creek,1,7,1.3,93.2,106.413256391,160.514411277,320.596205901,Forage and Biomass Planting,0,15639,15637.5069693,,
041000040404,Little Blue Creek,4,4,50.5,50.5,67.0828657373,88.8286382286,177.505205114,"Residue and Tillage Management, No-Till",0,10628,9931.11097095,,
041000040405,Blue Creek,13,15,577.4,579.2,585.596728096,821.79709368,1641.85084421,Cover Crop,0,13493,13493.558607,,
041000040406,Martz Creek,20,23,431.8,437.3,427.309948972,626.228860397,1250.92180575,Cover Crop,0,17325,17324.3540407,,
041000040407,Borum Run,1,5,57.4,62.1,65.016411866,99.6881820247,199.096106912,Forage and Biomass Planting,0,9166,9165.97585092,,
041000040408,City of Decatur-St Marys River,37,49,578.3,615.960881543,1884.14996236,2319.10399607,4634.33863005,Cover Crop,0,19726,19726.1641951,,
041000040501,Holthouse Ditch,7,22,249.6,310.9,349.897672291,660.716238733,2778.39663375,Cover Crop,0,22034,22031.9236952,,
041000040502,Weber Ditche-St Marys River,0,2,0,2.2,197,197,393,N/a,0,11414,11414.1485816,,
041000040503,Nicklesen Creek,7,19,230.3,245.4,274.971756933,377.414717461,752.054512593,Cover Crop,0,16491,16488.8956029,,
041000040504,Buhlman Ditch-St Marys River,17,34,364.4,392.6,1494.68305856,1659.15490141,3322.11618313,Cover Crop,0,15086,15084.968521,,
041000040601,Houk Ditch,11,11,212.7,212.7,248.15365359,333.657571448,666.709305279,Cover Crop,0,11034,11032.5293756,,
041000040602,Simmerman Ditch-St Marys River,6,9,95.6,97.2,116.593470166,270.200422556,931.120794184,Cover Crop,0,13800,13797.5362682,,
041000040603,Fairfield Ditch,17,18,355.5,359.3,390.693335795,531.239306617,1061.47083778,Cover Crop,0,15642.2333231,15639.1585442,,
041000040604,Snyder Ditch-St Marys River,4,4,66.4,66.4,97.4381154182,125.089499218,249.99121925,Cover Crop,0,12656.0758109,12653.8789155,,
041000040605,Sly Run Creek,0,0,0,0,0,0,0,N/a,0,9776.54037025,9774.5137445,,
041000040606,Junk Ditch-St Marys River,1,1,14.4,14.4,17.7621941668,23.6248560237,47.2086169275,Cover Crop,0,11471.6369257,11469.3524552,,
041000050101,Trier Ditch,0,0,0,0,0,0,0,N/a,0,18041,18039.3549031,,
041000050102,Bullerman Ditch-Maumee River,10,10,309.2,309.2,331.8734617,453.596463664,906.317137536,Cover Crop,0,21566,21564.0589119,,
041000050103,Sixmile Creek-Maumee River,46,46,1205.5,1205.5,1444.8699924,1928.55312255,3853.69051637,Cover Crop,0,15462,15460.8396248,,
041000050104,Black Creek,31,32,941.8,941.9,1022.50736474,1418.39730122,2900.12439339,Cover Crop,0,12283,12282.9526423,,
041000050105,Bottern Ditch-Maumee River,22,22,605,605,673.730746754,912.947517757,1824.18402957,Cover Crop,0,21733,21732.0167581,,
041000050106,Marsh Ditch-Maumee River,8,8,502.1,502.1,505.252330197,699.842782689,1398.26966409,Cover Crop,0,12384,12384.0321284,,
041000050201,Zuber Cutoff,12,12,763.6,763.6,773.99957577,1070.58793262,2139.02049491,Cover Crop,0,23569,4489.2154663,,
041000050202,North Chaney Ditch-Maumee River,3,3,93.6,93.6,104.525545361,141.814187365,283.362009304,Cover Crop,0,11794,2568.64265679,,
041000050203,Marie DeLarme Creek,48,52,1367.3,1368.9,3295.72222694,3801.15010315,7599.23603471,Cover Crop,0,31356,16589.8788653,,
041000050204,Gordon Creek,7,7,176,176,594.329183044,670.674119697,1340.93097117,Early Successional Habitat Development/Management,0,28230,844.31909532,,
041000071002,Upper Blue Creek,0,0,0,0,0,0,0,N/a,0,16328,469.38321805,,
041000071201,Headwaters Flatrock Creek,0,7,0,15.3,22.3329268823,32.0656567798,64.0559270263,N/a,0,15700,9378.3972592,,
041000071202,Headwaters Hoffman Creek,16,18,445.4,447.9,492.739810092,669.633498855,1337.99727264,Cover Crop,0,14887,14886.5923725,,
041000071203,Bohnke Ditch-Hoffman Creek,14,14,487.9,487.9,522.677465296,714.67126237,1427.96069659,Cover Crop,0,14694,14694.0882761,,
041000071204,Brown Ditch-Flatrock Creek,5,5,229.9,229.9,239.461607529,329.902907828,659.150675925,Cover Crop,0,15602,15287.9770588,,
041000071205,Wildcat Creek-Flatrock Creek,2,2,79.9,79.9,83.3489726943,114.574420637,228.923041754,Cover Crop,0,35697,10754.2675367,,
050800011001,Dismal Creek,2,4,249.8,251.2,379.971202717,477.399188111,954.097833219,Cover Crop,0,12303,6890.22372763,,
050800011002,Kraut Creek,0,0,0,0,0,0,0,N/a,0,14425,698.35951761,,
050800011004,Headwaters Greenville Creek,0,2,0,3.8,8.81710289658,11.4709491012,22.9229432464,N/a,0,22156,12958.8102852,,
050800030102,Jordan Creek-Martindale Creek,17,22,95.9962121212,114.596212121,1200.19558638,1219.10866024,2438.07141634,Grassed Waterway,0,20408,20405.7723468,,
050800030104,Little Creek-Whitewater River,26,34,425.217975207,431.346808999,1348.30819747,1467.38715107,2934.01363861,Prescribed Grazing,0,18937.4024706,18934.463381,,
050800030201,Little Mud Creek-Mud Creek,0,5,0,4.7,416,439,879,N/a,0,11068,11067.3517857,,
050800030202,Copy Run-Greens Fork,5,19,27.2688705234,42.5154729109,1128.16316049,1017.47620291,2042.83894713,Heavy Use Area Protection,0,20898,20897.3192142,,
051201010102,Stoney Creek-Wabash River,9,13,276.2,286.8,493.732478798,719.906640493,1439.4959125,Cover Crop,0,37861,4539.62320015,,
051201010103,Toti Creek-Wabash River,0,0,0,0,0,0,0,N/a,0,21598,913.17395683,,
051201010401,Wilson Creek-Limberlost Creek,1,3,66.5,68.6,113.0615571,164.799127854,330.294773393,Cover Crop,0,13136,12204.9883093,,
051201010402,Shirk Votaw Ditch-Camp Run,1,1,90.5,90.5,94.3241044103,133.283579396,266.277729059,Cover Crop,0,11255.8675714,11254.2687923,,
051201010403,Bear Creek,7,7,66.5297291093,66.5297291093,596.333714707,718.129449324,1437.00673946,Grassed Waterway,0,16104,16103.2316478,,
051201010404,Oakley Ditch-Limberlost Creek,1,1,49.6,49.6,80.5133407696,118.121458239,236.027135514,Cover Crop,0,13496,13496.2479562,,
051201010405,Votaw Ditch-Loblolly Creek,1,12,61.4,179.9,204.271362938,310.758562321,618.160112053,Cover Crop,0,16602,16600.2109297,,
051201010501,Hickory Branch-Wabash River,1,1,37.6,37.6,43.763967253,59.5106665839,118.908423523,"Residue and Tillage Management, No-Till",0,15008,6738.07885533,,
051201010502,Brewster Ditch-Wabash River,8,16,46.9,111.5,111.642518743,167.442449355,335.749598197,Wetland Restoration,0,15283,15283.6578772,,
051201010601,Jamstutz Ditch-Wabash River,18,23,339.4,455.8,414.849889105,597.60572228,1193.04597374,Cover Crop,0,19832,19830.8796209,,
051201010602,Threemile Creek-Wabash River,4,6,202.7,204.4,254.971109083,338.547970698,675.467322713,Cover Crop,0,10042,10040.955883,,
051201010603,Kunkel Lake-Sixmile Creek,11,11,100.6,100.6,124.662423302,171.649979997,342.976450044,Cover Crop,0,20364.8252499,20361.4220323,,
051201010604,Miller Ditch-Sixmile Creek,40,43,1011,1236.7,1110.19773039,1608.54846352,3213.02271609,Cover Crop,0,13690,13688.1878512,,
051201010701,Headwaters Rock Creek,16,20,188.1,192.3,269.907880672,358.732523668,698.928953186,Grade Stabilization Structure,0,16767.0308946,16763.2546222,,
051201010702,Mossburg Ditch,10,10,589.1,589.1,587.243003694,819.250026941,1636.79964266,Cover Crop,0,10839.2705512,10835.9214224,,
051201010703,Stites Ditch-Rock Creek,2,5,0.616069788797,9.4160697888,154.068218671,175.156598742,352.306278507,Grassed Waterway,0,20459.2457536,20454.0796208,,
051201010704,Elkenberry Ditch-Rock Creek,1,4,0.3,19.3,27.8510677563,39.6800765223,79.277207429,Filter Strip,0,18665.6854321,18659.9974791,,
051201010801,Johns Creek-Wabash River,9,20,229.4,256.3,432.47530541,569.990579985,1128.85368389,Forage and Biomass Planting,0,16412.956142,16409.9415765,,
051201010802,Dowty Ditch-Wabash River,22,27,321.3,327.8,503.277652763,651.403047589,1302.89808628,Cover Crop,0,17249.7159061,17246.0631909,,
051201010803,Bender Ditch-Wabash River,0,4,0,14.9,37.6144087017,47.0219668166,93.9723400167,N/a,0,10257.395925,10254.8808422,,
051201010804,Griffin Ditch-Wabash River,0,0,0,0,0,0,0,N/a,0,13822.8520161,13819.0737282,,
051201010901,Maple Creek-Eightmile Creek,1,3,100,103.3,109.933131067,155.812431397,311.305681883,Cover Crop,0,12419.9961883,12418.0573209,,
051201010902,Moser Lake-Eightmile Creek,3,7,36.9,40,54.3114817787,73.3328531627,146.529076952,Cover Crop,0,12420.915829,12418.5051047,,
051201010903,Big Creek-Eightmile Creek,4,6,139.9,141.2,193.146230945,255.889399931,511.321507701,Cover Crop,0,11413.8100733,11410.9494535,,
051201010904,Pleasant Run Ditch-Eightmile Creek,5,5,6.64017447199,6.64017447199,586.035965359,674.128326544,1348.24124993,Cover Crop,0,15437.1825015,15433.0026263,,
051201011001,Seeger Ditch,1,3,24.3,37.1,48.7820143685,66.7978162662,133.463810084,Cover Crop,0,11103.9554032,11101.059044,,
051201011002,Beal Taylor Ditch-Aboite Creek,2,7,3.7,8.9160697888,192.538035401,195.060027543,388.10480681,Tree/Shrub Establishment,0,11576.312172,11572.9061299,,
051201011003,Robinson Creek,3,3,47.9,47.9,70.4264090723,100.448482009,200.666427463,Early Successional Habitat Development/Management,0,10571.0238117,10568.5771072,,
051201011004,Graham McCulloch Ditch #1-Little River,0,2,0,20,21.1836043257,27.1488791776,53.2852915531,N/a,0,22438.2597259,22432.557547,,
051201011005,Little Indian Creek-Aboite Creek,3,3,28.6,28.6,79.909552626,90.0392888404,180.026324607,Cover Crop,0,11062.1582187,11058.6188391,,
051201011006,Cow Creek-Little River,0,0,0,0,0,0,0,N/a,0,15486.7494784,15481.6372943,,
051201011101,Flat Creek,17,19,101.7,111.1,268.505501635,355.409885313,703.296322724,Cover Crop,0,16814.7938844,16809.9106662,,
051201011102,Bull Creek-Little River,5,6,59.2,67.8,77.1982457416,103.106911865,206.031086736,Cover Crop,0,12689.4158666,12684.9278073,,
051201011103,Mud Creek-Little River,8,8,60.6482093664,60.6482093664,125.327006473,150.125707351,244.270471846,Early Successional Habitat Development/Management,0,10042.9233729,10039.5077715,,
051201011104,Flint Creek-Little River,4,8,74.5,91.2,158.60326692,202.437796963,404.718468188,CREP CP 23A Wetland Restoration - Non-floodplain,0,10849.7254846,10845.6208715,,
051201011201,West Branch Clear Creek,0,0,0,0,0,0,0,N/a,0,10580.2500146,10575.8058502,,
051201011202,Headwaters Clear Creek,24,33,243.149816345,270.765886134,770.640724597,840.723454779,1683.75304559,Tree/Shrub Establishment,0,25531.1582366,25520.9419822,,
051201011301,Huntington Lake-Wabash River,0,0,0,0,0,0,0,N/a,0,10231.3952503,10227.9020213,,
051201011302,Silver Creek,12,20,149.5,172.057116621,425.954283305,537.757746974,1074.07667653,Prescribed Grazing,0,14518.1674181,14511.5363585,,
051201011303,Town of Andrews-Wabash River,1,7,8.5,21.1,26.5072287559,29.4984489591,58.9806573311,Tree/Shrub Establishment,0,10173.5996488,10169.4489172,,
051201011304,Loon Creek,2,2,4.95344352617,4.95344352617,3.33950409181,4.15183708267,8.29769762722,Early Successional Habitat Development/Management,0,13731.6813616,13726.2927948,,
051201011305,Hanging Rock-Wabash River,24,28,795,822.9,1569.31141652,1910.7466498,3819.34391388,"Residue and Tillage Management, No-Till",0,10981.1562144,10976.1065043,,
051201011401,Enyeart Creek-Wabash River,36,48,653,675.819559229,1738.6713649,2046.0576432,4091.27840254,"Residue and Tillage Management, No-Till",0,13855.5355305,13848.6809051,,
051201011402,Stone Creek-Treaty Creek,22,27,705.3,710.318089991,1599.76432376,1885.47737665,3909.71851869,Cover Crop,0,19277.4611282,19267.6180863,,
051201011403,Burr Creek-Wabash River,33,37,625.6,631.3,1503.556394,1767.47825923,3529.42603997,"Residue and Tillage Management, No-Till",0,11251.4215697,11245.670805,,
051201011404,Ridgeway Creek,0,3,0,8.45353535354,374.4,375.4,750.8,N/a,0,10330.3202971,10324.632398,,
051201011405,Kentner Creek,3,11,114.9,137.496418733,333.02102355,380.432592219,762.69674574,Cover Crop,0,18645.1419456,18634.8845904,,
051201011406,Gilbert Branch-Wabash River,24,26,504.9,507.2,1096.14088828,1315.27274857,2627.6395633,Cover Crop,0,11230.5602385,11224.0392502,,
051201011407,Daniel Creek-Wabash River,2,20,0.5,50.5217630854,371.167555512,406.29567153,812.510525032,Grade Stabilization Structure,0,16323.8909493,16314.113641,,
051201011501,Headwaters Pipe Creek,0,0,0,0,0,0,0,N/a,0,18730.3396429,18720.7704948,,
051201011502,Stony Creek-Pipe Creek,0,2,0,2.9,6.84092590438,8.95384873089,17.8924027495,N/a,0,20723.2461943,20712.2397749,,
051201011503,Turkey Creek-Little Pipe Creek,0,1,0,0.1,16,16,32,N/a,0,13658.2295797,13650.5941871,,
051201011504,Honey Creek,5,13,3.6120523416,10.0120523416,179.348666024,184.261617077,368.281642588,Grassed Waterway,0,17530.784421,17520.6245098,,
051201011505,Walnut Creek-Pipe Creek,7,11,260,275.3,955.934327834,1084.1768383,2180.29651936,Cover Crop,0,19803.007772,19791.6547522,,
051201011506,Negro Creek-Pipe Creek,9,9,195,195,469.858452295,554.930041973,1109.34970451,Cover Crop,0,11018.8382806,11012.0050556,,
051201011507,Bear Creek-Pipe Creek,2,11,1.5,7.5,324.619756508,326.859835013,652.503745477,Grassed Waterway,0,23405.9425671,23390.4595851,,
051201011601,Salem Ditch-Little Pipe Creek,6,7,257.6,258.4,567.709703457,684.543634969,1368.51168154,Cover Crop,0,13554.8030538,13546.3990485,,
051201011602,Prairie Ditch-Wabash River,9,14,376.8,403.2,884.006172032,1073.17872809,2145.15858682,Cover Crop,0,19822.9214255,19810.3646606,,
051201011603,Lowe Ditch-Wabash River,6,28,152.2,169.5,1226.77183276,1293.27591897,2586.00052969,Cover Crop,0,28097.3518674,28078.3096422,,
051201020101,McLaughlin Ditch-Salamonie River,18,20,412.8,414.4,894.552230711,1253.97465853,2503.30150875,Cover Crop,0,17087,17087.5558118,,
051201020102,Little Salamonie River,4,4,35.9,35.9,68.625168605,97.3388657686,194.564753215,Cover Crop,0,14371,14370.5722659,,
051201020103,Berger Ditch-Salamonie River,6,6,369.5,369.5,568.828499629,843.158646967,1684.60315515,Cover Crop,0,13650,13649.7396746,,
051201020104,Sipe Ditch,0,0,0,0,0,0,0,N/a,0,10927,10925.6655874,,
051201020105,Miller Ditch-Salamonie River,0,0,0,0,0,0,0,N/a,0,16253,16251.4376907,,
051201020106,Cowboy Run-Brooks Creek,7,7,125.3,125.3,218.447549301,315.564095032,630.646950515,Cover Crop,0,13910,13908.2992216,,
051201020107,Mud Creek-Brooks Creek,6,6,326.6,326.6,511.983128805,756.035698872,1510.59066057,Cover Crop,0,10378.126918,10376.1623537,,
051201020108,Glenn Miller Ditch-Salamonie River,8,8,450.7,450.7,704.406122362,1040.97043573,2079.88719298,Cover Crop,0,14452.2017164,14450.1039136,,
051201020201,Twomile Ditch-Salamonie River,1,1,30.4,30.4,52.4609035236,76.0238089727,151.927332586,Cover Crop,0,16454.5010106,16450.8061393,,
051201020202,Beaver Creek-Salamonie River,7,7,188.2,188.2,243.151795529,367.568529034,734.250647495,Cover Crop,0,22095.5710196,22090.938247,,
051201020203,Stoney Creek-Salamonie River,6,6,93.6,93.6,132.98511878,197.266061618,394.130714361,Cover Crop,0,12390.8272647,12387.8641348,,
051201020301,Scuffle Creek-Salamonie River,26,34,1316.5,1324.7,1471.51676609,1984.31619499,3959.92277863,Cover Crop,0,15467.6164159,15463.6789587,,
051201020302,Prairie Creek,5,6,146.6,158,170.978165231,238.563925188,476.628541331,Cover Crop,0,20681.8084637,20675.3935731,,
051201020303,Shadle Drain-Salamonie River,2,2,74.1,74.1,86.3520685428,119.320763773,238.401046821,Cover Crop,0,14227.7805938,14223.5078356,,
051201020304,Baker Ditch-Black Creek,3,3,24.9,24.9,57.8382362252,71.8879050486,143.708023378,Cover Crop,0,16369.605883,16363.361914,,
051201020305,Little Black Creek-Black Creek,3,3,6901.4,6901.4,3811.04396155,5938.89235659,11860.8833867,Cover Crop,0,15960.887674,15954.8163727,,
051201020306,Morrison Ditch-Salamonie River,29,30,906.81,909.01,973.615949971,1330.4728621,2658.51920454,Cover Crop,0,12323.6010763,12319.5456575,,
051201020401,Weasel Creek-Salamonie River,35,36,291.600068871,292.400068871,2075.85943998,3215.17096138,6421.31164916,Cover Crop,0,16342.781833,16336.8481613,,
051201020402,Richland Creek,30,31,246.7,249.633884298,1019.788855,1116.7170156,2232.6260873,Cover Crop,0,14148.2535381,14142.2169477,,
051201020403,Majencia Creek,20,20,313.16,313.16,373.119873388,502.291993581,1002.74038053,Cover Crop,0,22244.6447295,22235.9458902,,
051201020404,Rush Creek,3,7,106.4,111.599265381,443.714918694,487.172938567,975.136446166,Cover Crop,0,17598.4394005,17590.3383781,,
051201020405,Salamonie Reservoir-Salamonie River,3,3,1.91124885216,1.91124885216,57.6439376482,58.6528881957,117.198320203,Cover Crop,0,23258.0360665,23248.6164446,,
051201020406,Indian Creek-Salamonie River,7,7,192.6,192.6,392.081305243,473.140130898,945.774403098,"Residue and Tillage Management, No-Till",0,7875.9763885,7872.22511814,,
051201030101,Little Mississinewa River,3,3,184,184,223.338207474,297.293231903,594.067612662,Cover Crop,0,13374,12775.0535924,,
051201030102,Gray Branch-Mississinewa River,0,0,0,0,0,0,0,N/a,0,20319,3439.42476365,,
051201030103,Jordan Creek-Mississinewa River,2,31,102.2,144.4,263.957981412,325.750570051,651.075854697,Cover Crop,0,16506,14495.0667964,,
051201030104,Porter Creek-Mississinewa River,2,15,34.7,44.6,75.4221035279,96.7224547209,193.299119053,Cover Crop,0,11013,11012.9450934,,
051201030105,Mud Creek-Mississinewa River,9,21,245.4,263.424104683,1140.25705378,1273.35351505,2555.99134457,Cover Crop,0,22422,22420.6265219,,
051201030201,Days Creek,8,8,423.5,423.5,671.059439318,988.966951209,1976.03694977,Cover Crop,0,10946,10944.7192924,,
051201030202,Bear Creek,0,6,0,9.4,86.9757463873,99.8524700562,201.685683089,N/a,0,10250,10249.1376901,,
051201030203,Fetid Creek-Mississinewa River,7,19,322.1,338.824104683,813.956995186,987.984475075,1984.03565888,Cover Crop,0,17223,17220.9628418,,
051201030204,Bush Creek,0,5,0,10.2,23.4207756835,30.5332615316,61.0156263777,N/a,0,12867.5420204,12865.4973595,,
051201030205,Redkey Run-Halfway Creek,25,25,689.2,689.2,1121.79670098,1605.24565527,3207.87145808,Cover Crop,0,16032.5104583,16029.4414733,,
051201030206,Platt Nibarger Ditch-Mississinewa River,0,6,0,6.6,91.0450693004,94.6717713021,200.317629976,N/a,0,19808.0837275,19804.2803159,,
051201030301,Little Lick Creek-Big Lick Creek,3,3,12.4,12.4,25.5960309544,39.2140557948,78.315676818,Forage and Biomass Planting,0,29723.6989971,29715.746889,,
051201030302,Townsand Lucas Ditch-Big Lick Creek,0,4,0,12.1,30.5284965589,43.634276664,87.1942219995,N/a,0,19089.269399,19082.9238987,,
051201030401,Campbell Creek,6,7,13.4321395776,13.5321395776,78.2797540008,82.8801774464,162.730423808,Lined Waterway or Outlet,0,13441.1919956,13438.0607153,,
051201030402,Rees Ditch-Mississinewa River,4,4,100.6,100.6,165.306882362,241.368594827,482.297227913,Cover Crop,0,25780.9336298,25774.2965547,,
051201030403,Studebaker Ditch-Pike Creek,0,0,0,0,0,0,0,N/a,0,13833.5134025,13828.7348217,,
051201030404,Holden Ditch-Mississinewa River,0,0,0,0,0,0,0,N/a,0,13030.3063428,13026.1400286,,
051201030501,Hoppas Ditch-Mississinewa River,0,0,0,0,0,0,0,N/a,0,10725.608021,10721.4142949,,
051201030502,Lake Branch-Mississinewa River,0,0,0,0,0,0,0,N/a,0,12478.4372283,12473.7445769,,
051201030503,Barren Creek,0,0,0,0,0,0,0,N/a,0,13259.8357228,13254.1927566,,
051201030504,Back Creek,0,0,0,0,0,0,0,N/a,0,12088.8709567,12083.3381655,,
051201030505,Little Walnut Creek-Walnut Creek,0,0,0,0,0,0,0,N/a,0,10479.2838255,10475.6946545,,
051201030506,Walnut Creek,0,0,0,0,0,0,0,N/a,0,14906.626249,14900.5606972,,
051201030507,Little Deer Creek-Deer Creek,0,0,0,0,0,0,0,N/a,0,16610.4544008,16602.3579935,,
051201030508,Deer Creek,0,0,0,0,0,0,0,N/a,0,12354.2839251,12348.3180015,,
051201030509,Lugar Creek,5,5,3.8,3.8,106.9,134.1,267.1,Filter Strip,0,19067.0788671,19059.2787257,,
051201030510,Branch Creek-Mississinewa River,7,9,51.1,53.7060606061,377.718392215,425.324440557,853.407164012,Forage and Biomass Planting,0,14643.7546194,14637.5909071,,
051201030511,Boots Creek-Mississinewa River,0,0,0,0,0,0,0,N/a,0,13641.7805218,13635.4583755,,
051201030601,Hummel Creek-Mississinewa River,8,8,9.5,9.5,15.4156541054,21.6095637887,43.1720389139,Early Successional Habitat Development/Management,0,20872.7926778,20863.0526776,,
051201030602,Metocinah Creek,4,6,2.1,3.33562901745,272.4,260.5,520.7,Grade Stabilization Structure,0,9592.33690736,9587.79672593,,
051201030603,Grant Creek-Mississinewa River,5,8,98.1,100.9,264.531904829,307.192863079,614.136266986,"Residue and Tillage Management, No-Till",0,19361.6325551,19351.9058127,,
051201030604,Forked Branch-Mississinewa River,1,3,0.1,1.83562901745,251.8,287.4,570.8,Grade Stabilization Structure,0,14355.4146843,14347.718617,,
051201030605,Mississinewa Lake-Mississinewa River,4,7,222,239.8,575.985516182,693.292434664,1382.49865448,Cover Crop,0,16429.0175491,16419.6157754,,
051201030606,Town of Peoria-Mississinewa River,0,3,0,13.5,43.3413468921,53.1502274394,106.234144801,N/a,0,6075.78972959,6072.12487865,,
051201040101,Headwaters Blue River,31,48,624.199173554,681.789876033,2426.36938153,2645.86315984,5290.79360818,"Residue and Tillage Management, No-Till",0,13392.975588,13388.7311523,,
051201040102,Mud Run-Blue River,71,73,1859.5,1860,7142.56450375,7605.8732385,15211.2002868,"Residue and Tillage Management, No-Till",0,13448.8659475,13444.4188638,,
051201040103,Thorn Creek-Blue River,10,10,508.2,508.2,1735.07439945,1887.82009182,3774.988556,"Residue and Tillage Management, No-Till",0,12187.0019449,12182.5421988,,
051201040104,Blue Babe Branch-Blue River,0,13,0,34.7053719008,431.854709678,702.642945155,1407.25140655,N/a,0,12503.9308693,12499.0347416,,
051201040201,Berward Ditch-Eel River,2,2,319.8,319.8,395.390661134,526.06199325,1051.20260854,Cover Crop,0,12258.5670341,12255.7400334,,
051201040202,Johnson Drain-Eel River,4,4,43,43,74.0215279045,92.1543745399,184.190080948,Cover Crop,0,15799.9852146,15795.6915547,,
051201040203,Krider Ditch-Eel River,54,54,1140,1140,2129.20627135,2568.85573995,5134.89650373,Cover Crop,0,11745.399052,11741.7788039,,
051201040204,Solon Ditch-Eel river,22,23,229.1,234.4,944.331058247,993.760400428,1987.40462797,"Residue and Tillage Management, No-Till",0,14533.2982449,14528.3020424,,
051201040205,Emerick Branch-Gangwer Ditch,25,28,510.5,512,1283.30268937,1478.30167364,2955.49727336,Cover Crop,0,12699.5803413,12695.34979,,
051201040301,Black Lake-Spring Creek,1,11,28.4,40.8163911846,135.110942178,153.392018822,307.724277127,Cover Crop,0,10446.4267628,10441.9485286,,
051201040302,Shoenauer Ditch-Spring Creek,10,23,231.5,303.778099174,654.788793331,739.815215248,1477.68752889,Cover Crop,0,18086.2158375,18078.0252286,,
051201040303,Headwaters Sugar Creek,7,7,259.2,259.2,910.598427633,985.221254122,1970.14220376,"Residue and Tillage Management, No-Till",0,19784.0723486,19776.0878371,,
051201040304,County Farm Ditch-Eel River,7,8,126.9,132,335.475361456,387.148285795,774.005406742,Cover Crop,0,22294.5127667,22285.6655568,,
051201040401,Mishler Ditch-Eel River,19,19,840.1,840.1,1108.71368163,1261.04157457,2534.02261091,Cover Crop,0,13097.4242546,13091.0717779,,
051201040402,Hurricane Creek-Eel River,3,3,87.2,87.2,207.070068526,240.9756183,481.756896465,Cover Crop,0,11369.6383003,11364.2993506,,
051201040403,Plunge Creek-Eel River,19,26,594.4,677.5,1090.52390321,1203.28055924,2418.74295872,Cover Crop,0,11925.398965,11919.3689153,,
051201040404,Simonton Creek-Eel River,24,32,636.2,662.1,1328.31882276,1612.10482723,3221.43907309,"Residue and Tillage Management, No-Till",0,13197.177194,13190.7391254,,
051201040405,Pony Creek,33,36,1122.6,1124.78328742,2134.15055172,2600.77471859,5200.5342583,"Residue and Tillage Management, No-Till",0,20960.1791705,20950.1440893,,
051201040406,Nelson Creek-Clear Creek,16,23,758.2,807.4,1435.79963099,1673.09071045,3351.63071738,Cover Crop,0,12002.7957664,11996.2306002,,
051201040407,Swank Creek-Eel River,5,6,491.4,495,624.592454308,721.049659209,1449.13878673,Cover Crop,0,9945.09505382,9939.86725149,,
051201040501,Silver Creek,89,99,2665.6,2725.2,4277.56937925,5128.83799249,10266.2837805,Cover Crop,0,20163.1439783,20151.4880874,,
051201040502,Otter Creek-Eel River,36,37,1511.44,1511.74,2408.99923639,3026.60151666,6049.10209664,Cover Crop,0,13100.6808113,13093.4881005,,
051201040503,Beargrass Creek,46,53,2408.67,2414.72656566,4019.43177252,5002.97715056,9998.0743609,Cover Crop,0,14792.6124034,14784.8078123,,
051201040504,Bolley Ditch,31,40,914.23,958.23,1687.27540015,2007.58643288,4017.4669814,Cover Crop,0,10586.1609195,10579.8549694,,
051201040505,Squirrel Creek,38,47,1820.7,1878.4,3929.51256545,4751.11571478,9497.88629573,Cover Crop,0,15192.0130081,15182.8110005,,
051201040506,Sharp Ditch-Paw Paw Creek,30,34,988.11,994.939935721,2015.1750594,2428.19903073,4854.62136685,"Residue and Tillage Management, No-Till",0,14160.578011,14153.2133401,,
051201040507,Bachelor Creek-Paw Paw Creek,15,18,498.520087236,501.378213958,1260.96551811,1479.54494326,2957.83235924,"Residue and Tillage Management, No-Till",0,11175.3830375,11169.0238009,,
051201040508,Oren Ditch-Paw Paw Creek,5,13,711.2,740.7,1000.44855502,1293.69541972,2584.25371455,Cover Crop,0,9782.21427677,9776.71417941,,
051201040509,Town of Roann-Eel River,15,23,565.1,586.021763085,1177.79948224,1430.16006945,2860.73748823,Cover Crop,0,11304.3086661,11297.7754191,,
051201040601,Flowers Creek-Eel River,53,58,2999.8,3028.7,5855.46041821,7250.71126661,14492.0747677,Cover Crop,0,13580.7262,13572.4960235,,
051201040602,Little Weesau Creek-Weesau Creek,70,72,1756.6,1775.3,4103.73961674,4884.17339961,9774.72356325,Cover Crop,0,14853.3547591,14843.8733769,,
051201040603,Washonis Creek-Eel River,59,68,2052.1,2129.1,4434.59906507,5428.32058945,10849.500418,Cover Crop,0,20788.8814222,20775.8468008,,
051201040701,East Branch Twelvemile Creek,15,20,582.5,583.6,1027.87662634,1279.80915302,2558.02771618,Cover Crop,0,15714.2694632,15703.8135283,,
051201040702,West Branch Twelvemile Creek,6,12,468.3,562.5,651.782796076,895.285941117,1788.79859746,Cover Crop,0,12942.6514946,12933.7525338,,
051201040703,Twelvemile Creek,9,9,313.2,313.2,621.453071142,764.105570608,1527.46128757,Cover Crop,0,5402.52010528,5398.91642772,,
051201040704,Town of Hoover-Eel River,5,12,244.7,277.9,598.532668984,737.903863032,1474.78643905,Cover Crop,0,11464.7396021,11457.1941664,,
051201040705,Mud Branch-Eel River,7,11,142.2,156,242.624930243,309.73757798,618.986284861,Early Successional Habitat Development/Management,0,25409.466101,25391.7153931,,
051201050101,Headwaters Crooked Creek,0,0,0,0,0,0,0,N/a,0,10713.8078982,10706.1683935,,
051201050102,Miller Ditch-Crooked Creek,11,17,433.8,776.4,979.572917576,1359.82224719,2716.8152776,Cover Crop,0,14298.5326108,14288.0915814,,
051201050103,Galbreath Ditch-Crooked Creek,1,7,6.8,41.5,137.825425514,161.716156608,323.55161521,Cover Crop,0,13004.6992926,12995.0308616,,
051201050104,Grants Run-Wabash River,11,31,315.6,332.2,968.640824741,1098.98995145,2197.16049077,Cover Crop,0,21429.9641993,21414.4194381,,
051201050201,Toney Ditch-Rock Creek,1,1,0.9,0.9,2.07789247361,2.70615950438,5.40782764419,Cover Crop,0,10165.0420419,10158.1055478,,
051201050202,Little Rock Creek,4,6,228.1,229,258.958999028,349.899890077,699.152537145,Cover Crop,0,13739.9836761,13730.3442898,,
051201050203,Widow Creek-Rock Creek,1,3,132.6,134.2,175.145175584,232.297198594,464.194066437,Cover Crop,0,13862.1747644,13852.4321319,,
051201050204,Burnetts Creek,8,8,177.8,177.8,110.961741908,144.20520595,290.596361705,Cover Crop,0,13474.0656794,13463.9261537,,
051201050205,Ryan Appleton Ditch-Rock Creek,1,2,28.6,33.2,55.5550352575,71.2057749788,142.304976143,Cover Crop,0,18502.2942504,18488.6563218,,
051201050206,Keeps Creek-Wabash River,2,6,68.7,70.1,192.622565583,220.229717028,439.965448049,Cover Crop,0,14440.0878981,14429.4290428,,
051201050301,Headwaters Rattlesnake Creek,19,21,881.9,892.189256198,1366.47785326,1789.49598578,3569.6988844,Cover Crop,0,10626.5797447,10618.4475331,,
051201050302,Hickory Grove Church-Rattlesnake Creek,0,2,0,0.751882460973,9.81520935252,7.92472847687,15.8564311856,N/a,0,8865.15517137,8858.42204865,,
051201050303,Pleasant Run-Wabash River,5,10,70.9820936639,76.2077134986,140.727401136,171.809752255,343.410643111,Access Road,0,24834.4636441,24815.5261229,,
051201050401,Copper Creek-Deer Creek,2,7,36.8,41.3,98.2476787979,119.825967728,239.621053014,Cover Crop,0,11155.5484598,11148.8436575,,
051201050402,Wise Grinslade Ditch-Deer Creek,6,7,137.8,138.2,349.629591786,413.619682417,826.923205763,Cover Crop,0,11672.1468229,11664.8154722,,
051201050403, Matthew Anaker Ditch-South fork Deer Creek,1,3,159.6,160.2,203.304561331,270.891828583,541.308269971,Cover Crop,0,12864.7887303,12856.8188112,,
051201050404,Manson Kingery Ditch-South Fork deer Creek,0,5,0,1.9,95.7677143253,96.2583370976,192.413186888,N/a,0,12591.5163854,12583.2154359,,
051201050405,Russell Ditch-Deer Creek,1,10,175.2,183,639.171015192,714.143434234,1427.85798102,Cover Crop,0,14702.0825115,14692.442745,,
051201050501,Henry Gilbert Ditch-Little Deer Creek,1,34,0.5,166.912052342,305.809544901,416.876106919,832.708853682,Heavy Use Area Protection,0,21995.249241,21980.2369797,,
051201050502,McClosky Ditch,7,8,546.2,546.3,655.977972264,880.865469495,1761.13719209,Cover Crop,0,10307.9315607,10300.6613035,,
051201050503,Little Deer Creek,7,10,789.5,793.896418733,984.107486965,1314.48288559,2626.62196499,Cover Crop,0,12860.3007903,12851.0113989,,
051201050504,Paint Creek,1,1,0.1,0.1,0,64,282,Waste Storage Facility,0,12143.2778598,12134.4626257,,
051201050505,Headwaters Bachelor Run,5,7,625.4,625.80348944,789.748647271,1048.99455852,2096.15283045,Cover Crop,0,11674.8674023,11666.3537613,,
051201050506,Kuns Ditch-Bachelor Run,6,6,354.4,354.4,479.990416568,630.450999363,1259.85827794,Cover Crop,0,11393.7021336,11385.234532,,
051201050507,Monson Ditch-Deer Creek,14,25,1055.09,1063.09,1871.5100886,2334.55374967,4666.19434676,Cover Crop,0,25213.8924913,25196.0091315,,
051201050508,Robinson Branch-Deer Creek,4,4,113.1,113.1,227.65524195,287.260184907,575.208565742,Cover Crop,0,25551.2808479,25531.9638811,,
051201050601,Little Sugar Creek-Sugar Creek,0,2,0,0.2,8,8,16,N/a,0,18343.6602737,18329.7206915,,
051201050602,Bowen Ditch-Wabash River,0,1,0,0.1,0.377967917041,0.447003768032,0.893565321708,N/a,0,15123.1374543,15111.5167109,,
051201050603,Harrison Creek-Wabash River,0,0,0,0,0,0,0,N/a,0,12618.0687714,12608.3233794,,
051201060101,Cedar Lake Branch-Elder Ditch,2,9,114.62,119.503448118,3681.60375567,4236.0307897,8422.82637261,Cover Crop,0,10148.4607687,10143.9403272,,
051201060102,Ridinger Lake-Grassy Creek,6,9,639.2,679.4,1111.94622914,1316.61255347,2619.81174586,Cover Crop,0,12002.9282974,11997.2364085,,
051201060103,Smalley Lake-Tippecanoe River,18,27,476.824104683,486.259435262,1339.29030534,1626.93680292,3252.28024425,Cover Crop,0,22529.6376167,22520.2523259,,
051201060104,Big Barbee Lake-Grassy Creek,3,7,309.8,310.202272727,415.34519246,472.930339163,950.498920803,Cover Crop,0,11405.1294339,11399.4875545,,
051201060105,Tippecanoe Lake-Tippecanoe River,17,35,707.8,708.23285124,1238.91991986,1419.3137529,2844.7217357,Cover Crop,0,16788.3816049,16780.2237866,,
051201060201,McCarter Ditch-Deeds Creek,5,12,207.1,280.702020202,463.126512356,510.055511983,1024.75892979,Cover Crop,0,11351.8749677,11346.2592814,,
051201060202,Pike Lake-Deeds Creek,5,8,53.3,100.5,227.029540398,276.020172598,546.004177462,Cover Crop,0,16254.2410576,16245.626153,,
051201060203,Winola Lake-Eagle Creek,30,31,741.83,743.03,1142.95807734,1280.37217441,2572.17997426,Cover Crop,0,20553.9677626,20543.2242187,,
051201060204,Eagle Creek-Walnut Creek,27,33,772.7,876.1,1288.46793099,1448.66076963,2911.33795748,Cover Crop,0,17244.0921581,17234.5616686,,
051201060205,Ruple Ditch-Tippecanoe River,1,2,11.2,48.7,74,82,164,CREP CP 23A Wetland Restoration - Non-floodplain,0,13043.7167301,13036.5886424,,
051201060301,Adams Ditch-Trimble Creek,19,19,802.8,802.8,1078.76376539,1223.10499632,2457.61920296,Cover Crop,0,11577.5700225,11571.0096515,,
051201060302,Pole Run Ditch-Tippecanoe River,6,7,161.7,183.1,255.261892862,286.53565835,574.354563508,Cover Crop,0,20356.9022394,20345.0283411,,
051201060303,Palestine Lake-Trimble Creek,20,20,921.7,921.7,1258.67232387,1423.25708254,2859.61866669,Cover Crop,0,14666.7475009,14658.0400337,,
051201060304,Ridenour Ditch-Danner Ditch,2,2,120,120,129.736459899,154.087233609,309.9190949,Cover Crop,0,12996.5034298,12988.2637262,,
051201060305,Danner Ditch-Tippecanoe River,2,3,54.3,56.3,99.9325820846,113.246931874,226.259968943,Cover Crop,0,17989.3334975,17978.3582485,,
051201060401,Shatto Ditch-Tippecanoe River,18,20,793.3,825.1,1090.0719068,1236.58472546,2483.41972275,Cover Crop,0,15909.2872759,15899.2958275,,
051201060402,Outlet Creek,3,4,134.31,149.31,299.009274172,321.470407389,644.914245945,Cover Crop,0,22752.0160512,22736.8808045,,
051201060403,Rickle Ditch-Yellow Creek,9,9,375.1,375.1,516.904715597,583.398246403,1172.12159696,Cover Crop,0,20481.6332316,20469.2174832,,
051201060404,Little Yellow Creek-Yellow Creek,1,2,97.4,106.6,142.936516338,178.222329915,357.840186443,Cover Crop,0,10105.5184158,10099.1237661,,
051201060405,Clarence Baker Ditch-Tippecanoe River,13,13,4.8,4.8,1566.11111301,1566.2306385,3135.47191403,Grassed Waterway,0,10224.8518684,10218.229919,,
051201060406,Redinger Ditch-Tippecanoe River,8,8,275.82,275.82,354,394,792,Cover Crop,0,12284.9269263,12276.832128,,
051201060407,Lake 16-Chippewanuck Creek,11,11,486.93,486.93,612,689,1383,Cover Crop,0,11712.1105595,11704.9086049,,
051201060408,Byrant Leininger Ditch-Chippenwanuck Creek,26,28,1322.33,1322.45410468,1697,1885,3789,Cover Crop,0,16906.6426853,16895.8247914,,
051201060409,Reister Creek-Tippecanoe River,13,13,582.21,582.21,705,795,1595,Cover Crop,0,11239.7759253,11232.2759184,,
051201060501,Robbin Taylor Ditch,12,13,505.92,507.72,1018.43772376,1203.58041531,2409.76525338,Cover Crop,0,11559.3977498,11552.0281735,,
051201060502,Lake Manitou- Mill Creek,24,25,1408.69,1409.19,1705,1923,3866,Cover Crop,0,18907.9256919,18895.5256195,,
051201060503,Smith Ditch-Mud Creek,18,18,1619.83,1619.83,1818,2078,4178,Cover Crop,0,17591.3963683,17579.6190043,,
051201060504,Neff Ditch-Mud Creek,10,10,496.57,496.57,632,717,1441,Cover Crop,0,14874.8962684,14864.7078859,,
051201060505,Grube Ditch-Mud Creek,2,2,132.17,132.17,157,178,356,Cover Crop,0,10366.3257965,10359.0214284,,
051201060506,Collins Ditch,6,8,656.77,658.97,688.172028079,793.681117407,1595.40948883,Cover Crop,0,11801.7503721,11793.2862475,,
051201060507,Tilden Ditch-Mud Creek,19,19,1596.35,1596.35,1810,2067,4157,Cover Crop,0,10576.0057416,10568.6360651,,
051201060508,Cowan Ditch-Eddy Creek,16,16,712.16,712.16,863,972,1953,Cover Crop,0,16699.8757449,16688.1862078,,
051201060509,Zink Lake-Tippecanoe River,16,16,998.51,998.51,1140,1299,3209,Cover Crop,0,18209.0505406,18196.6036814,,
051201060601,Lake Maxinkuckee,4,4,234.41,234.41,289,328,660,Cover Crop,0,13713.5908405,13703.7331431,,
051201060602,House Ditch,6,7,161.43,184.83,62.3707709574,91.0583622103,184.251400021,Cover Crop,0,18647.4894224,18633.7357627,,
051201060603,Slonaker Ditch-Tippecanoe River,12,25,579.89,681.69,585.667432701,726.468114771,1459.64518465,Cover Crop,0,21851.0398852,21835.1150769,,
051201060604,Bartee Ditch-Tippecanoe River,6,14,252.3,352.2,137.954187971,208.308843787,420.269637703,Cover Crop,0,12321.5104133,12312.2673209,,
051201060605,Bruce Lake-Bruce Lake Outlet,5,17,173.71,205.9143618,412.47884166,602.065203016,1205.58931399,Cover Crop,0,12128.7334098,12119.8231084,,
051201060606,Dilts Anstis Ditch-Tippecanoe River,0,0,0,0,0,0,0,N/a,0,14664.8323837,14653.8444203,,
051201060607,Quigley Marsh Ditch,2,5,7.5,13.4,7.10375735267,10.1212748265,20.3744629763,Cover Crop,0,11493.5667716,11484.8579141,,
051201060608,Tyler Weisjahn Ditch-Tippecane Ditch,9,9,260.1,260.1,100.348640831,146.536715598,297.790630481,Cover Crop,0,12379.4512312,12370.2063085,,
051201060701,Headwaters Mill Creek,6,6,234.58,234.58,291.333725541,327.347678289,656.853256292,Cover Crop,0,11768.7164761,11760.6376255,,
051201060702,Reed Olmstead Ditch-Mill Creek,7,7,139.893379247,139.893379247,188.48278057,207.010937298,413.983903932,Cover Crop,0,10624.6742519,10617.1676781,,
051201060703,Little Mill Creek,8,8,494.16,494.16,513.331084176,594.387310018,1192.164173,Cover Crop,0,11398.9232894,11390.5913914,,
051201060704,Wilson Ditch-Mill Creek,5,5,268.74,268.74,253.884082686,295.053841953,543.311111845,Cover Crop,0,13918.5625073,13908.417876,,
051201060705,Prather Ditch-Mill Creek,6,10,264.5,279.8,100.186884162,143.742342961,291.42358214,Cover Crop,0,10099.6661771,10092.1578748,,
051201060801,Walsh Ditch-Grassy Creek,7,7,461.58,461.58,512.913818524,647.918186517,1298.05742849,Cover Crop,0,22605.5781729,22589.3684247,,
051201060802,Headwaters Indian Creek,6,6,262,262,325.88670073,413.998225993,828.438735226,Cover Crop,0,11320.5366343,11312.3626677,,
051201060803,Fredericks Ditch-Little Indian Creek,0,0,0,0,0,0,0,N/a,0,10164.8740485,10157.4134606,,
051201060804,Little Indian Creek,4,6,174,176.1,231.298765171,302.884220371,605.271432512,Cover Crop,0,14584.3819117,14573.4957798,,
051201060805,Town of Thornhope-Indian Creek,3,4,10.6,11.9,7.56907876207,10.714590389,21.6357774169,Cover Crop,0,12602.7761341,12593.3140286,,
051201060901,Agnew Ditch,12,13,451.3,454.7,154.756259372,228.755208216,460.689367484,Cover Crop,0,16244.655996,16232.2811622,,
051201060902,Mud Creek,7,13,76.7,89,41.0338314761,57.1194475974,115.228978535,Cover Crop,0,10244.1208816,10236.4337238,,
051201060903,Budd Fisher Ditch-Tippecanoe River,4,6,216.7,220.9,77.0641746413,118.269495288,237.746406799,Cover Crop,0,15811.2659057,15799.1885652,,
051201060904,Stout Ditch-Tippecanoe River,8,12,12.8,19.1,12.4687973321,17.6184507604,35.5744054072,Cover Crop,0,16740.7118458,16727.9637151,,
051201061001,Scholtz Ditch,3,20,140.4,172.9,67.6490978402,98.7701239993,199.034473357,Cover Crop,0,14492.9901529,14481.7188843,,
051201061002,Headwaters Big Monon Ditch,2,5,18.5,27.3,15.205949535,22.1647892957,44.7839560285,Cover Crop,0,17916.7607039,17902.9146671,,
051201061003,Thompson Ditch-Big Monon Ditch,13,14,349.3,351.1,119.695031352,178.165436382,358.307006355,Cover Crop,0,12197.3390882,12187.9518418,,
051201061004,Lincoln Ditch-Big Monon Ditch,2,10,121.3,134.4,50.818146306,72.9789851678,147.381727392,Cover Crop,0,10369.2330701,10361.2067732,,
051201061005,Antrim Ditch,10,10,254.5,254.5,94,139,279,Cover Crop,0,19201.6179975,19186.652515,,
051201061006,Mosley Ditch,4,4,137,137,51,73,146,Cover Crop,0,12159.0992725,12149.6037472,,
051201061007,Stein Ditch-Big Monon Ditch,4,5,150.8,153.1,55.7142353607,86.0307367772,173.29944168,Cover Crop,0,20029.1660091,20013.5622535,,
051201061008,Big Monon Creek-Big Monon Ditch,2,5,24.2,28.9,13.1370108032,19.4534330446,38.1848749315,Cover Crop,0,11650.6820529,11641.6429665,,
051201061101,Kesler Ditch-McKillip Ditch,7,9,437,454.2,248.281016445,447.864480882,892.046266827,Cover Crop,0,19054.1928847,19039.2983866,,
051201061102,Hill Ditch,1,1,6.5,6.5,3.62304857549,5.28284795358,10.6740425229,Cover Crop,0,11052.3613676,11043.7440383,,
051201061103,McKillip Ditch,1,1,24,24,15,23,46,Cover Crop,0,10146.2722139,10138.3692622,,
051201061104,Brown Ditch-Big Monon Creek,10,10,330,330,188,343,680,Cover Crop,0,15996.5268941,15984.0737757,,
051201061201,Weltzin Ditch-Tippecanoe River,4,5,21.8,35.8,22.8460615065,35.9162041468,70.9678579126,Cover Crop,0,19062.1321235,19047.5025664,,
051201061202,Harp Ditch-Tippecanoe River,4,4,7,7,4.47331482156,6.34592344067,12.8145127045,Cover Crop,0,11209.0865143,11200.4424273,,
051201061203,Hollingsworth Ditch-Hoagland Ditcj,3,3,338.3,338.3,470.698924,621.142910494,1241.23410684,"Residue and Tillage Management, No-Till",0,21257.463483,21240.8916051,,
051201061204,Winters Ditch-Hoagland Ditch,2,2,182.9,182.9,96.3674558329,149.378118979,299.052882091,Cover Crop,0,13031.3464464,13021.1596364,,
051201061205,Hoagland Bay-Hoagland Ditch,0,0,0,0,0,0,0,N/a,0,15779.8891128,15767.5761064,,
051201061206,Keans Creek,0,0,0,0,0,0,0,N/a,0,12886.6208348,12876.8137956,,
051201061207,Headwaters Honey Creek,2,2,165,165,88,161,321,Cover Crop,0,26659.5448769,26638.7572082,,
051201061208,Lake Shafer-Tippecanoe River,5,6,166.7,178.7,106.891680756,141.154325043,284.551722884,Cover Crop,0,17624.2364968,17610.6975966,,
051201061301,Pike Creek-Tippecanoe River,4,4,219.7,219.7,117.999548458,157.849992658,318.290445095,Cover Crop,0,19094.5924942,19080.0607597,,
051201061302,Bell Ditch-Big Creek,0,0,0,0,0,0,0,N/a,0,16924.7852142,16911.5562806,,
051201061303,Deiter Ditch-Big Creek,1,1,80,80,43,79,157,Cover Crop,0,15125.9684841,15114.1563412,,
051201061304,Lake Freeman-Tippecanoe River,0,0,0,0,0,0,0,N/a,0,19252.1165756,19237.2298594,,
051201061305,Big Creek,0,0,0,0,0,0,0,N/a,0,10016.585234,10008.8120446,,
051201061306,Spring Creek,0,3,0,12.5,38.3108725458,41.7806348817,84.7924761204,N/a,0,13873.2749708,13862.4944466,,
051201061307,Myers Ditch-Moot Creek,0,0,0,0,0,0,0,N/a,0,13245.9962627,13235.6396751,,
051201061308,Moots Creek,9,11,8.4,16.4,224.929977104,227.252107616,454.815602553,Grassed Waterway,0,20023.9196831,20008.3397914,,
051201061309,Benham Cemetary-Tippecanoe River,2,2,29,29,19.3355089295,24.8110000695,49.9844453024,Cover Crop,0,11943.1930026,11933.9725527,,
051201070101,Headwaters Turkey Creek,0,0,0,0,0,0,0,N/a,0,12558.696811,12550.831091,,
051201070102,North Creek-Mud Creek,3,5,87.2,91.7,124.853946308,164.682553749,329.085990651,Tree/Shrub Establishment,0,19741.0432311,19728.490758,,
051201070103,Round Prairie Ditch-Turkey Creek,2,2,21.8,21.8,33.2920317646,42.6785356627,85.2935906482,"Residue and Tillage Management, No-Till",0,15372.2911607,15363.2251805,,
051201070104,Middle Fork Ditch,5,5,14.7,14.7,22.9873009858,31.7163811989,63.3673830738,Cover Crop,0,16298.0198107,16289.2421251,,
051201070105,Grassy Fork,1,1,26,26,37.9942895477,50.540974153,100.993350396,Cover Crop,0,15600.8184363,15592.5600547,,
051201070106,Mud Creek,8,8,94.5,94.5,158.702113427,200.380643317,400.484619965,"Residue and Tillage Management, No-Till",0,13140.4600122,13132.955823,,
051201070107,Kokomo Waterworks Reservoir No. 2-Wildcat Creek,8,11,222.4,223.8,350.427847829,449.70281553,898.729938649,"Residue and Tillage Management, No-Till",0,21706.4415524,21693.6814542,,
051201070108,Taylor Run-Kokomo Creek,15,17,415.3,420.9,646.511822529,832.614850155,1663.96396935,"Residue and Tillage Management, No-Till",0,23401.969768,23387.4018597,,
051201070109,Cannon-Goyer Ditch-Wildcat Creek,0,0,0,0,0,0,0,N/a,0,16688.0484035,16677.422418,,
051201070201,Harness Ditch-Middle Fork Wildcat Creek,11,13,402.1,405.6,789.892077261,968.61084022,1936.07313687,Cover Crop,0,14860.576047,14849.978747,,
051201070202,Robertson Branch-Middle Fork Wildcat Creek,0,2,0,0.5,11.630418705,9.84945695374,19.7128623713,N/a,0,12014.5381143,12005.7420075,,
051201070203,Campbells Run,3,23,149.4,177.3,1763.22932232,1837.39277215,3673.90759383,Cover Crop,0,20234.8023152,20219.7504191,,
051201070204,Town of Rossville-Middle Fork Wildcat Creek,1,7,6,12.3078971534,209.634736991,214.879872254,424.726685224,Cover Crop,0,10748.6580132,10740.5958665,,
051201070205,Hog Run-Middle Fork Wildcat Creek,9,12,356.9,359.9,673.556277367,832.239564752,1663.45005633,Cover Crop,0,19665.7130242,19650.7147079,,
051201070301,Swamp Creek,4,10,600.2,606.7,1217.50934237,1488.13199723,2974.6843929,Cover Crop,0,11083.1481251,11075.554247,,
051201070302,Shanty Creek-Kilmore Creek,0,0,0,0,0,0,0,N/a,0,10545.5653035,10538.4264741,,
051201070303,Stump Ditch-Kilmore Creek,3,5,744.67768595,783.47768595,1263.96455305,1611.90536916,3221.57466981,Cover Crop,0,10594.2962906,10586.8662005,,
051201070304,Talbert Ditch-South Fork Wildcat Creek,4,7,216.5,218.584366391,475.151742481,585.913286225,1211.1949652,Cover Crop,0,13116.4346432,13107.136845,,
051201070305,Prairie Creek,17,23,1233.85325987,1249.35325987,2097.50651401,2682.74135865,5472.95619421,Cover Crop,0,17191.0199297,17178.4186164,,
051201070306,Kilmore Creek,22,33,561.18953168,574.619467401,1401.60451532,1666.71374485,3329.67559452,Cover Crop,0,17422.6032395,17409.7517627,,
051201070307,Spring Creek,0,0,0,0,0,0,0,N/a,0,10217.6505943,10209.9549332,,
051201070308,Jenkins Ditch-South Fork Wildcat Creek,16,26,1212.1,1216.8,2329.48016407,2870.29763597,5737.35824736,Cover Crop,0,22816.2650357,22799.5570849,,
051201070309,Lauramie Creek,6,6,411.6,411.6,441.0553543,614.638122105,1228.00210001,Cover Crop,0,15109.718282,15098.1341456,,
051201070310,Town of MUlberry-South Fork Wildcat Creek,0,3,0,6.25371900826,17.196046484,24.5560095726,76.9810174945,N/a,0,13334.9657927,13324.7894399,,
051201070311,Town of Dayton-South Fork Wildcat Creek,19,21,519.480716253,519.980716253,653.46694952,879.063721088,1755.51435979,Cover Crop,0,18833.5447868,18819.0183703,,
051201070401,West Fork-Little Wildcat Creek,2,2,60.1,60.1,93.3213888686,119.78046983,239.381973853,"Residue and Tillage Management, No-Till",0,11762.3029718,11754.6287509,,
051201070402,Little Wildcat Creek,2,2,62.4,62.4,100.309920546,141.775469284,283.232713636,Forage and Biomass Planting,0,10620.2127978,10613.0814307,,
051201070403,Kitty Run-Wildcat Creek,1,4,6.2,14.9,690.910535482,696.44164978,1393.84234292,Early Successional Habitat Development/Management,0,12780.602937,12772.0716665,,
051201070404,Honey Creek,5,17,41.9,108.932139578,1008.1010705,1067.70589595,2134.08882331,Cover Crop,0,14635.2700377,14625.1831205,,
051201070405,Dearinger Ditch-Wildcat Creek,1,6,40.1,43.3,299.361553911,316.949232445,634.878532296,"Residue and Tillage Management, No-Till",0,13582.3946949,13572.8934701,,
051201070406,Petes Run-Wildcat Creek,1,7,13.4,15.8571166208,55.8313853439,61.1583728026,121.267057495,Prescribed Grazing,0,10293.2624625,10286.0119269,,
051201070407,Hurricane Creek-Hurricane Creek,4,27,4.4,139.174471993,336.979455288,489.117299646,1131.58695506,Heavy Use Area Protection,0,11791.6314892,11783.0407415,,
051201070408,Town of Owasco-Wildcat Creek,8,17,120.3,129.92943067,266.205441003,321.149723325,641.914470186,Cover Crop,0,13322.2975935,13312.3314646,,
051201070409,Dry Run-Wildcat Creek,0,0,0,0,0,0,0,N/a,0,23968.6027415,23950.1300686,,
051201080101,Romney Fraley Ditch,6,16,514.7,541.4,1130.10244181,1356.1641834,2709.601436,Cover Crop,0,23385.5658264,23367.3218996,,
051201080102,East Branch Wea Creek,6,13,262.2,268.3,392.306046594,506.63790681,1012.34292116,Cover Crop,0,18364.9342361,18350.7144754,,
051201080103,Haywood Ditch-Wea Creek,5,7,295.5,300,597.898448141,724.099440323,1450.38219245,Cover Crop,0,11288.7687148,11279.963072,,
051201080104,Elliot Ditch,6,7,1018.76680441,1018.82867309,1107.72586765,1352.07003791,3534.96292098,Tree/Shrub Establishment,0,11896.9255279,11887.6794831,,
051201080105,Little Wea Creek,5,9,793.2,798.801928375,950.412080171,1347.95583136,2965.69130589,Cover Crop,0,21393.7204881,21377.0043732,,
051201080106,Kenny Ditch-Wea Creek,4,12,63.3,73.8091827365,266.437544873,299.362226329,598.512015235,Cover Crop,0,18218.7774278,18204.6108076,,
051201080201,North Fork Burnett Creek,0,6,0,7.5,564.7,564.7,1129.3,N/a,0,11606.5998125,11597.54762,,
051201080202,Headwaters Burnett Creek,1,6,79,88.1,479.506641155,516.383328569,1035.50427298,Cover Crop,0,22789.257118,22771.469653,,
051201080203,Cedar Hollow-Wabash River,5,19,14.9573921028,15.503466483,16.7193086478,242.339877519,228.952296933,Riparian Forest Buffer,0,14697.3093473,14685.8448462,,
051201080301,Headwaters Mud Pine Creek,4,4,366.8,366.8,501.678790002,660.776959883,1320.44546693,"Residue and Tillage Management, No-Till",0,12028.1829502,12018.9513229,,
051201080302,Seamons Ditch-Mud Pine Creek,1,1,29.9,29.9,37.7872651543,50.9542039441,101.814569989,Cover Crop,0,14443.3034631,14432.3096227,,
051201080303,Goose Creek-Mud Pine Creek,5,7,298.1,302.3,371.794274139,499.309161481,997.823616137,Cover Crop,0,16879.4525171,16866.6732705,,
051201080304,Spring Branch-Mud Pine Creek,4,10,246.3,250.561294766,1191.40435155,1634.62198822,3200.55938941,Cover Crop,0,18596.1769337,18582.0883164,,
051201080401,Roudebush Ditch-Big Pine Creek,4,4,158.2,158.2,140.360459517,170.360860988,342.802723453,"Residue and Tillage Management, No-Till",0,11281.8579396,11273.0388996,,
051201080402,Big Pine Creek Ditch-Big Pine Creek,21,21,1246.54,1246.54,1743.65194547,2283.49695637,4563.24909282,"Residue and Tillage Management, No-Till",0,19740.6806596,19725.3593892,,
051201080403,Little Pine Creek,1,1,63.61,63.61,73.1505999586,100.521995667,200.845601512,Cover Crop,0,10065.4426177,10057.5942342,,
051201080404,Owens Ditch-Big Pine Creek,20,25,1349.15,1352.23838384,1766.49006456,2347.44070726,4691.7789339,"Residue and Tillage Management, No-Till",0,17934.4758157,17920.5828217,,
051201080405,Brumm Ditch-Big Pine Creek,15,21,420.220982553,431.420982553,931.289330997,1115.68598389,2230.14853839,Cover Crop,0,11038.8639812,11030.2963929,,
051201080406,Darby Ditch-Big Pine Creek,1,1,71.6,71.6,81.1301101868,111.818044556,223.413092359,Cover Crop,0,11765.2945169,11756.1474369,,
051201080407,Brown Ditch,6,6,135.820174472,135.820174472,214.815583239,272.90606682,545.394093343,Cover Crop,0,11858.9949272,11849.854997,,
051201080408,Harrington Creek-Big Pine Creek,0,0,0,0,0,0,0,N/a,0,12882.6036991,12872.5907232,,
051201080409,Pine Village-Big Pine Creek,5,10,80.7160697888,85.3241046832,166.05537003,198.572918662,396.513829575,Cover Crop,0,17665.7280366,17652.1570422,,
051201080410,Hog Back Hill-Big Pine Creek,6,8,261.8,264.6,615.242107497,721.418874288,1441.20509845,"Residue and Tillage Management, No-Till",0,23688.9153009,23670.8378641,,
051201080501,Indian Creek,1,9,3.8,8.6,63.2257372166,67.3171534361,135.604083011,Field Border,0,18979.2081597,18964.3722789,,
051201080502,Jordan Creek-Wabash River,0,2,0,14.5,24.8223837776,34.5095346095,68.94578983,N/a,0,10009.8044694,10001.9783138,,
051201080503,Lost Creek-Wabash River,5,15,183.2,239.1,308.854409512,415.966210968,831.251380851,Cover Crop,0,16851.8688694,16838.6986991,,
051201080504,Flint Run-Flint Creek,10,14,481.6,488.2,922.613012988,1128.33871951,2255.27534134,Cover Crop,0,13977.1024902,13966.173656,,
051201080505,Otterbein Ditch-Little Pine Creek,7,15,559.9,591.5,921.504608964,1180.69211128,2355.78671735,Cover Crop,0,13185.8578627,13175.553766,,
051201080506,Armstrong Creek-Little Pine Creek,7,13,511.9,527.517447199,916.382292624,1142.05102851,2281.59834209,Cover Crop,0,20130.300345,20114.6038758,,
051201080507,Flint Creek-Wabash River,2,5,8.55,83.75,199.662925909,257.859110811,515.303317632,Cover Crop,0,15254.7931487,15242.8789908,,
051201080508,Headwaters Kickapoo Creek,2,8,146.1,161.8,284.34959945,357.657506626,714.827522985,Cover Crop,0,15265.6428537,15253.8090781,,
051201080509,West Fork Kickapoo Creek,0,4,0,42.6,108.851252571,139.472974847,277.737320099,N/a,0,9813.99174641,9806.42030249,,
051201080510,Turkey Run-Wabash River,14,17,345.5,378.6,990.226093914,1180.76985621,2359.4797987,Cover Crop,0,19581.7202664,19566.5139172,,
051201080601,Headwaters Big Shawnee Creek,35,59,1160.14233242,1219.44233242,5285.05086921,5887.64186184,11764.3742101,Cover Crop,0,23801.4679037,23782.9109259,,
051201080602,Little Shawnee Creek-Big Shawnee Creek,10,12,295.9,297.4,983.558179837,1129.31260569,2256.74787875,Cover Crop,0,17391.6471178,17378.1721491,,
051201080603,Fall Branch-Wabash River,4,5,138.8,139.9,480.086514981,548.382896042,1095.35968889,Cover Crop,0,14838.4392777,14827.0336468,,
051201080604,Rock Creek-Wabash River,17,17,722.4,722.4,1616.92572598,1913.193303,3824.60546234,Cover Crop,0,14830.8181245,14819.5497237,,
051201080605,Redwood Creek,25,33,1128.2,1132.36512856,2518.0282358,2986.82076939,5964.77161554,Cover Crop,0,20015.1933705,20000.2378369,,
051201080606,Opossum Run,7,13,362.1,367.9,814.908496656,965.012429419,1927.08698952,Cover Crop,0,13921.6891948,13911.3695492,,
051201080607,Racoon Creek-Wabash River,3,9,21.8,159.2,597.446693117,636.038963041,1266.98054501,Cover Crop,0,17523.9773614,17510.6938884,,
051201080608,Mallory Branch-Wabash River,6,12,3.4,5.2,395,395,784,Grassed Waterway,0,11480.7266347,11472.0622779,,
051201080701,Joseph Ludlow Ditch-Joseph Ludlow Ditch,0,6,0,9.6,678.5,678.5,1355.6,N/a,0,13168.65508,13158.3584847,,
051201080702,Turkey Run,16,20,29.3,33,568.709025273,584.771501606,1167.43530247,Grassed Waterway,0,11788.5303984,11779.3464837,,
051201080703,Charles Ludloe Ditch-North Fork Coal Creek,9,24,117.4,180.731336088,805.360057319,896.044459529,1787.49042952,Grassed Waterway,0,14716.9145707,14705.4406078,,
051201080704,Harrison Lake-Coal Creek,4,32,12.7,30.2257116621,3496.71646913,3497.35616849,7046.71488054,Grassed Waterway,0,12885.594836,12875.671919,,
051201080705,Headwaters East Fork Coal Creek,3,14,2.4080348944,10.1080348944,424.7,424.7,844.6,Grassed Waterway,0,11823.7696078,11814.5254275,,
051201080706,Town of Hillsboro-East Fork Coal Creek,2,6,1.1,8.2,171.333041191,175.277694642,348.529964801,Grassed Waterway,0,15516.6367125,15504.532569,,
051201080707,Rose Cemetary-East Fork Coal Creek,9,29,19.4,28.0080348944,992.528474688,997.599084171,1987.1683503,Grassed Waterway,0,14049.0623188,14038.1744646,,
051201080708,Dry Run-Coal Creek,26,37,19.2,33.2,2208.32017711,2209.21565928,4414.42818939,Grassed Waterway,0,15423.4692923,15411.5042226,,
051201080801,Spring Creek,0,1,0,9.5,21.7576232671,28.5126267099,56.9765174087,N/a,0,17579.7922044,15843.4060007,,
051201080802,Jordan Creek,17,18,416.633930211,417.133930211,607.917291495,760.271381472,1524.04430174,Cover Crop,0,11297.3435815,11288.960704,,
051201080803,Collette Pond-Wabash River,7,14,14.5,26.1,412.053542126,626.254408573,846.418706919,Grassed Waterway,0,19824.3427007,19809.4496469,,
051201080901,Graham Creek,24,51,36.8,70.4,1891.90629441,1915.97156622,3918.79820678,Grassed Waterway,0,15840.4984698,15828.4305885,,
051201080902,Prairie Creek,24,31,372.6,384.6,2049.16612005,2238.66557046,4467.21703081,Cover Crop,0,15832.9399303,15820.7756242,,
051201080903,Cooper Chapel-Coal Creek,23,33,139,160.5,1966.17170677,1176.20364142,2365.01960443,Grassed Waterway,0,28622.4719023,28600.7333555,,
051201090701,Upper Jordan Creek,1,1,0.0241046831956,0.0241046831956,2.9,2.9,6,Lined Waterway or Outlet,0,17476.972487,17463.9480521,,
051201090702,Little Creek,5,5,617.3,617.3,983.4511153,1246.00920722,2490.27176295,Cover Crop,0,10010.8292874,10003.3473506,,
051201090703,Whipporwill Branch-Middle Branch,2,2,236.4,236.4,383.766833858,484.533763872,968.400334088,Cover Crop,0,19228.8713175,4592.63421362,,
051201090704,Middle Jordan Creek,0,0,0,0,0,0,0,N/a,0,10151.0297595,5445.29681841,,
051201090705,Lower Jordan Creek,0,0,0,0,0,0,0,N/a,0,8902.83321763,349.60611689,,
051201090801,Leuch Ditch,7,7,584.265748393,584.265748393,616.509955311,861.609719074,1720.43670532,Cover Crop,0,20431.0258603,19718.6968324,,
051201090802,Prairie Green-North Fork Vermilion River,0,0,0,0,0,0,0,N/a,0,19821.0247619,797.8697318,,
051201090902,Hoffman Cemetery-Stony Creek,4,4,307.3,307.3,520.746038277,651.690427765,1302.5234695,Cover Crop,0,11299.1533769,5547.12524757,,
051201090903,Lick Creek,0,0,0,0,0,0,0,N/a,0,26685.6069199,2065.36859491,,
051201090905,Coal Branch,5,10,143.2,149.6,293.754053757,347.440298429,733.831083832,Cover Crop,0,10235.7571802,7140.12990601,,
051201100101,Mallott Ditch-Sugar Creek,10,18,691.28,703.48,1552.64065898,1937.11838812,3871.19166047,Cover Crop,0,10075.2152668,10068.2939382,,
051201100102,Scott Wincoup Ditch-Sugar Creek,3,12,247.5,254.5,1430.0882535,1586.42480641,3172.15119143,Cover Crop,0,30342.3351454,30321.0398076,,
051201100103,Mud Creek,1,1,5,5,7.45583099938,10.5987399013,21.1734090115,Forage and Biomass Planting,0,16820.5514502,16808.6336868,,
051201100104,Rose Ditch-Brown Wonder Creek,6,11,237.1,241,570.647766928,677.697145946,1354.47969854,"Residue and Tillage Management, No-Till",0,16379.3315086,16367.5392061,,
051201100105,Barnes Ditch-Sugar Creek,10,11,567.4,569.6,1077.44110678,1331.91582671,2656.13583055,Cover Crop,0,9211.48319213,9204.82233703,,
051201100106,Reagan Run,2,8,217.8,226.312052342,660.117124556,758.865801913,1517.17521683,Cover Crop,0,10819.6219352,10811.6932347,,
051201100107,Spring Creek-Sugar Creek,9,12,135,139.6,676.689886475,736.600279023,1473.30975558,"Residue and Tillage Management, No-Till",0,16922.6018891,16910.1137917,,
051201100108,Brush Creek-Sugar Creek,4,4,179.6,179.6,455.785391677,529.999842628,1059.57308994,"Residue and Tillage Management, No-Till",0,10385.0463821,10377.3069286,,
051201100201,Headwaters Little Potatoe Creek,1,1,227,227,329.819947218,429.982705132,859.27582083,Cover Crop,0,11673.6279615,11664.8487503,,
051201100202,Bowers Creek,0,7,0,8.3160697888,338.795194532,341.911254365,683.801237396,N/a,0,11927.4133253,11918.2341257,,
051201100203,Lye Creek Drain,0,4,0,1.7,141.6,141,284,N/a,0,10910.4864311,10902.0008814,,
051201100204,Little Potatoe Creek-Lye Creek,2,6,75.1,78.8,181.571780294,214.535767831,429.847537725,Cover Crop,0,16114.1344886,16101.7457273,,
051201100301,Little Creek-Little Sugar Creek,0,2,0,3.79311294766,271.2,270.9,542.8,N/a,0,16181.4839667,16169.1764127,,
051201100302,Little Sugar Creek,13,27,19.6,31.8,997.398011962,994.006403011,1987.04330044,Heavy Use Area Protection,0,12916.5496887,12906.5707266,,
051201100303,Town of Linnsburg-Walnut Fork Sugar Creek,3,23,4.4,40.2160697888,1274.51961844,1288.05664759,2575.91026668,Early Successional Habitat Development/Management,0,30600.099017,30576.5698911,,
051201100401,Sanitary Ditch-Prairie Creek,4,4,87.9,87.9,155.554033347,194.447744337,388.640787037,"Residue and Tillage Management, No-Till",0,14226.3798253,14216.0177432,,
051201100402,Deer Creek-Prairie Creek,1,3,59.6,60.3,147.100965676,173.378433862,345.579816082,"Residue and Tillage Management, No-Till",0,17381.1368365,17368.2363335,,
051201100403,Wolf Creek,2,7,3,12.1,2113.20004556,2085.97255276,4172.53032552,Cover Crop,0,16258.0449507,16245.7961781,,
051201100404,Goldsberry Creek-Sugar Creek,0,5,0,14.8,730.97836016,733.021371262,1465.72930068,N/a,0,11306.9904775,11298.4256572,,
051201100405,Withe Creek-Sugar Creek,5,7,47.7484389348,53.6484389348,316.56031488,341.272151007,681.382277833,Cover Crop,0,10901.9258913,10893.6053605,,
051201100406,Hazel Creek-Sugar Creek,13,32,529.6,575.2,2293.40480508,2533.18161192,5061.78487845,Cover Crop,0,16165.9690751,16153.5153061,,
051201100407,Town of Garfield-Sugar Creek,2,4,0.8,1.2,58,58,113,Grassed Waterway,0,7973.19929639,7966.99709512,,
051201100501,Headwaters Sugar Mill Creek,29,41,183.2,191.9,1917.90753522,1994.23665912,4007.88999008,Grassed Waterway,0,22255.0665869,22237.7095619,,
051201100601,Headwaters Black Creek,2,3,1,1.5,72,72,142,Grassed Waterway,0,11493.5205594,11484.5523726,,
051201100602,Liberty Chapel-Black Creek,4,28,53.5,83.5,2619.22799693,2640.42687894,5276.31024673,Cover Crop,0,10854.9545811,10846.4702976,,
051201100604,Mill Creek-Sugar Creek,44,63,641.7,726.7,1571.54177618,1905.2729328,3807.28815559,Cover Crop,0,23766.9193731,23748.3534964,,
051202010101,Owl Creek-White River,2,2,88.3,88.3,105.13159968,140.0852088,279.924876324,Cover Crop,0,13456,13456.2472179,,
051202010102,Peach Creek-White River,0,5,0,3.1241046832,112,130,258,N/a,0,19001,19000.6954111,,
051202010103,Eightmile Creek-White River,0,7,0,9.4080348944,323.2,353.5,706,N/a,0,13117,13115.4547349,,
051202010104,Cabin Creek,0,2,0,14.6,19.8933880637,25.1993698569,50.3625012767,N/a,0,16573,16571.0452358,,
051202010105,Sparrow Creek-White River,0,3,0,54.6,110.041494783,137.716341696,275.226741706,N/a,0,11385,11383.5390922,,
051202010106,Little White River,2,19,0.616069788797,161.548209366,608.086944112,726.858606841,1450.10479625,Grassed Waterway,0,14608.7286705,14606.115324,,
051202010107,Little Stoney Creek-Stoney Creek,3,9,87.7,93.4,419.660814968,450.978101275,902.757300543,Cover Crop,0,18770.8230159,18766.7628812,,
051202010108,Prairie Creek Reservoir-Prairie Creek,1,1,33,33,42.8137451825,57.0024396219,113.905119066,Cover Crop,0,10852.8764359,10850.1761102,,
051202010109,Mud Creek-White River,1,1,22,22,20.4529073464,25.4336731707,50.83557188,CREP CP 31 Bottom Timber Establishment on Wetland,0,15744.5173791,15740.9738912,,
051202010110,Truitt Ditch-White River,6,6,31,31,47.885179966,61.519738987,122.94705985,Cover Crop,0,11780.5864688,11777.2882827,,
051202010111,Hamilton Ditch-Muncie Creek,0,0,0,0,0,0,0,N/a,0,8602.07059538,8599.58971793,,
051202010201,Little Buck Creek-Buck Creek,1,1,80.1,80.1,118.818220462,149.699986208,299.196931965,Cover Crop,0,15289.939431,15285.4719788,,
051202010202,Bethel Brook-Bell Creek,1,1,57.5,57.5,88.9024963962,111.083142531,222.022061003,Cover Crop,0,11350.3781792,11346.3712677,,
051202010203,No Name Creek-Bell Creek,6,6,264.2,264.2,338.530617167,445.056690188,889.371088902,Cover Crop,0,17212.388571,17206.5240345,,
051202010204,Macedonia Creek-Buck Creek,0,2,0,0.2,9.31147260736,8.244791466,16.4986904763,N/a,0,20222.2893427,20215.7657917,,
051202010301,Mud Creek-Killbuck Creek,0,0,0,0,0,0,0,N/a,0,10005.0299012,10001.8358877,,
051202010302,Jakes Creek,1,1,56.2,56.2,68.218599401,92.0454345123,183.921211656,Cover Crop,0,11627.461417,11623.4233232,,
051202010303,Thruston Ditch-Killbuck Creek,2,2,137.3,137.3,159.223633397,216.724251005,433.035641357,Cover Crop,0,15480.3988952,15474.4532003,,
051202010304,Little Killbuck Creek,2,11,56.1,94.2,202.423868739,252.515382783,504.684921189,Cover Crop,0,14975.3180419,14968.6185979,,
051202010305,York Prairie Creek-White River,0,3,0,0.4,13.967208911,12.367187199,24.7480357145,N/a,0,16657.291582,16651.2446789,,
051202010306,Shoemaker Ditch-White River,0,0,0,0,0,0,0,N/a,0,13920.9671835,13915.406375,,
051202010307,Moon Branch-Killbuck Creek,0,0,0,0,0,0,0,N/a,0,14226.156465,14219.9345885,,
051202010308,Turkey Creek-White River,1,1,76.7,76.7,114.632086737,149.584594453,298.927953787,Cover Crop,0,11794.0045496,11788.8030356,,
051202010309,Elm Run-Indian Creek,4,5,425.9,426.4,625.779641096,815.790291809,1630.25906045,Cover Crop,0,12025.8295588,12019.9344182,,
051202010310,Town of Perkinsville-White River,9,9,213.6,213.6,327.479725284,423.294211897,845.932388976,CREP CP 22 Riparian Buffer,0,14281.404754,14274.2123499,,
051202010401,Yeager Finley Menard Ditch-Pipe Creek,0,0,0,0,0,0,0,N/a,0,11754.96715,11750.3066658,,
051202010402,Stem Run-Pipe Creek,0,0,0,0,0,0,0,N/a,0,10185.750077,10181.4143763,,
051202010403,Star Creek-Mud Creek,2,2,64.1,64.1,114.207305192,150.071872313,299.88910118,Cover Crop,0,13830.6234123,13824.2679589,,
051202010404,Polecat Creek-Pipe Creek,0,0,0,0,0,0,0,N/a,0,16193.9467338,16186.6796964,,
051202010405,Lilly Creek-Pipe Creek,13,13,371.9,371.9,618.795653624,789.986401076,1578.81904369,Cover Crop,0,20383.5982024,20373.646359,,
051202010406,Swanfelt Ditch-Pipe Creek,2,2,114.5,114.5,176.621362929,228.995561946,457.632078316,Cover Crop,0,11267.6643445,11261.8612262,,
051202010407,Shell Cemetary-Pipe Creek,6,6,299.6,299.6,447.938888354,583.297081832,1165.66148333,Cover Crop,0,14446.3665695,14438.7103504,,
051202010501,Todd Ditch-Duck Creek,0,0,0,0,0,0,0,N/a,0,11270.5920284,11264.7168862,,
051202010502,Little Duck Creek-Big Duck Creek,0,0,0,0,0,0,0,N/a,0,12930.9484314,12924.0970893,,
051202010503,Polywog Creek-Duck Creek,0,1,0,3.4,8.18830906669,10.7159902265,21.4136184839,N/a,0,14415.6958895,14407.603819,,
051202010504,Bear Creek,1,2,0.814967860422,3.31496786042,5.62737368338,6.4558154933,12.9067860776,Windbreak/Shelterbelt Establishment,0,11031.9165843,11025.5761332,,
051202010505,Lamberson Ditch-Duck Creek,0,1,0,1.3,1.55206341208,1.77510529222,3.54903455586,N/a,0,17556.9118027,17547.0667696,,
051202010601,Prairie Creek,6,6,92.7,92.7,272.64218393,579.017859452,932.721743512,Filter Strip,0,15139.7920205,15129.730285,,
051202010602,Cox Ditch,1,2,76.2,76.6820936639,194.692822002,267.749552169,535.219035072,Cover Crop,0,13192.1893354,13183.4156542,,
051202010603,Dixon Creek-Cicero Creek,0,2,0,3.1,35.2340419744,66.4374714784,123.866342455,N/a,0,11015.3734572,11008.1316765,,
051202010604,Buck Creek-Cicero Creek,2,2,134.9,134.9,201.123692749,270.348576558,540.201472214,Cover Crop,0,11874.7910976,11867.2617227,,
051202010605,Tobin Ditch-Cicero Creek,2,2,212.5,212.5,299.767697486,407.447083021,814.11552518,Cover Crop,0,21106.0140929,21093.2659415,,
051202010606,Weasel Creek-Cicero Creek,0,0,0,0,0,0,0,N/a,0,13703.6558134,13695.4101539,,
051202010607,Teter Branch-Little Cicero Creek,0,0,0,0,0,0,0,N/a,0,13326.3071791,13317.5266391,,
051202010608,Little Cicero Creek,3,3,1.9160697888,1.9160697888,57,57,113,Grassed Waterway,0,14402.1409785,14393.0361479,,
051202010609,Hinkle Creek,1,2,44,50,47.1490742096,64.8600844736,129.591653924,Cover Crop,0,12870.5216896,12862.2099856,,
051202010610,Morse Reservoir-Cicero Creek,4,8,106,106.157488981,246.792020883,291.556986384,585.845325366,"Residue and Tillage Management, No-Till",0,17712.6044521,17701.5561937,,
051202010701,Dyers Creek-White River,2,3,206.8,206.9,304.56871972,398.175889105,794.700179852,Cover Crop,0,16318.7476103,16309.3642459,,
051202010702,Headwaters Stony Creek,2,2,132.6,132.6,201.514677039,262.071522516,523.726571238,Cover Crop,0,9922.06935693,9916.87101602,,
051202010703,William Lock Dtich-Stony Creek,1,1,29.4,29.4,49.5352283009,63.1056175886,126.120046308,Cover Crop,0,10764.1434866,10758.1461988,,
051202010704,William Lehr Ditch-Stony Creek,7,7,52.2747933884,52.2747933884,131.682816611,158.216247007,325.710907773,"Residue and Tillage Management, No-Till",0,15876.8410173,15867.5455648,,
051202010705,Mallory Granger Ditch-White River,3,3,162.3,162.3,314.787351909,372.827178696,730.200465368,CREP CP 2 Establishment of Permanent Native Grass,0,21996.764516,21983.4994165,,
051202010801,Honey Creek-Fall Creek,0,0,0,0,0,0,0,N/a,0,10853.1984061,10849.179867,,
051202010802,Sly Fork,0,0,0,0,0,0,0,N/a,0,11349.1375179,11344.4022832,,
051202010804,Prairie Creek-Fall Creek,1,3,25,25.0026400367,44.9840925264,56.5379477498,112.998633261,Cover Crop,0,25409.8906324,25397.939044,,
051202010806,Foster Branch,4,4,114.2,114.2,192.666379142,245.369454423,490.384870741,Cover Crop,0,10113.9089802,10108.7786508,,
051202010901,Headwaters Mud Creek,1,1,68.8,68.8,104.231776127,135.643461776,271.070749461,Cover Crop,0,16706.7630403,16697.4916795,,
051202011001,Cool Creek,6,8,4.51469237833,5.74469237833,92.7677464202,155.221553034,1495.4266701,Pollinator Habitat,0,15104.8122395,15095.0673015,,
051202011101,Dixon Branch-Eagle Creek,0,0,0,0,0,0,0,N/a,0,10499.1131105,10491.9048433,,
051202011102,Mounts Run,0,1,0,1.69880624426,12,12,24,N/a,0,10189.1858273,10182.0134971,,
051202011103,Finley Creek-Eagle Creek,4,4,3.1,3.1,392.1,392.1,684.2,Grassed Waterway,0,14390.643138,14380.8296215,,
051202011104,Lion Creek-Little Eagle Branch,2,5,31.1,32.6321395776,145.153554755,159.003768398,317.326742888,"Residue and Tillage Management, No-Till",0,18741.5606967,18728.996101,,
071200010306,Fleugel Ditch-Dausman Ditch,7,7,97,97,137.592287983,154.162125415,309.685952644,Cover Crop,0,11442.8907382,11436.1555819,,
071200010308,Dausman Ditch,0,0,0,0,0,0,0,N/a,0,16638.4529644,16627.6710028,,
071200010310,Stone Ditch-Yellow River,8,10,109.991046832,110.187465565,143.304963742,161.292197198,325.095302534,Cover Crop,0,14235.9136286,14226.3138616,,
071200010501,Town of Argos-Wolf Creek,0,0,0,0,0,0,0,N/a,0,21751.102793,21736.0468478,,
071200010502,Dixon Lake-Yellow River,0,0,0,0,0,0,0,N/a,0,16758.7430056,16746.9874718,,
071200010503,Clifton Ditch-Yellow River,0,0,0,0,0,0,0,N/a,0,12061.9872286,12053.3786979,,
071200010504,Eagle Creek,0,0,0,0,0,0,0,N/a,0,24284.7431443,24267.0180995,,
071200010505,Bickle Ditch-Yellow River,4,8,120.3,230.3,88.0967198057,136.876899822,276.804614124,Cover Crop,0,13618.7521007,13608.6820906,,
071200010506,Cavanaugh Ditch-Yellow River,0,0,0,0,0,0,0,N/a,0,4900.88156569,4897.16167375,,
071200010601,Hook Run-Bogus Run,4,8,101.6,120.4,46.7671802053,69.1715747975,139.526944794,Cover Crop,0,17108.0102711,17094.9142629,,
071200010602,Cedar Lake Ditch-Craigmile Ditch,2,2,93.2,93.2,30.8298998447,46.0757067837,93.1290320653,Cover Crop,0,12743.8664413,12734.2260991,,
071200010603,Craigmile Ditch-Kline Arm,2,2,6,6,3.17319539419,4.65497553902,9.40648303873,Cover Crop,0,21203.4962182,21187.2541971,,
071200010604,Pine Creek-Bogus Run,1,4,13.5,68.9,28.966777508,44.4427959957,89.8934777586,Forage and Biomass Planting,0,13047.3444627,13037.2770086,,
071200010705,Laramore Ditch-Kankakee River,0,0,0,0,0,0,0,N/a,0,8602.17061323,8595.58525964,,
071200010802,Hanna Arm Tuesburg Ditch,0,1,0,1.4,2.87363246472,3.22943824137,6.4887840509,N/a,0,12850.886822,12840.9440797,,
071200010805,Bessler Ditch-Pitner Ditch,0,4,0,2,4.63507321703,5.08534817957,10.2125558798,N/a,0,10778.8713681,10770.4810391,,
071200010806,Origer Ditch-Kankakee River,5,5,128.7,128.7,43.6231611475,65.2606368148,131.911475942,Cover Crop,0,9266.77618062,9259.57400884,,
071200010807,Rassmussen Ditch-Kankakee River,7,15,186.5,212.5,80.4433449991,120.245065964,242.662422454,Cover Crop,0,18743.8763097,18729.2558614,,
071200010808,Cook Ditch,0,1,0,2.3,4.4369143657,5.04745527111,10.1442981776,N/a,0,16707.9081395,16694.8597333,,
071200010809,Davis Ditch-Kankakee River,2,2,141.3,141.3,76.0916280808,101.856685745,205.387217155,"Residue and Tillage Management, No-Till",0,15469.0672076,15456.972174,,
071200010901,Headwaters Wolf Creek,0,0,0,0,0,0,0,N/a,0,11522.9967141,11513.9888184,,
071200010902,Hickam Lateral-Wolf Creek,0,0,0,0,0,0,0,N/a,0,12685.7595827,12675.8560515,,
071200010903,Delehanty Ditch-Hodge Ditch,3,3,116.1,116.1,67.0050433674,88.4753566674,178.3525963,"Residue and Tillage Management, No-Till",0,12609.6241362,12599.787231,,
071200010904,Cook Ditch-Hodge Ditch,1,1,42.7,42.7,24.7608225268,32.6738865965,65.8644774227,"Residue and Tillage Management, No-Till",0,17073.3719558,17060.0942645,,
071200011005,Reeves Ditch,4,4,208.6,208.6,367.275056436,473.894223834,947.055910903,"Residue and Tillage Management, No-Till",0,18493.7945236,18479.3412332,,
071200011006,Hannon Ditch-Crooked Creek,4,4,276.3,276.3,382.983476346,509.917710036,1019.5601959,Cover Crop,0,10294.860833,10286.8104924,,
071200011008,Ahlgrim Ditch,8,8,288.8,288.8,568.102781302,715.744135478,1429.63021166,"Residue and Tillage Management, No-Till",0,13529.9506817,13519.3762512,,
071200011009,Cornell Ditch-Phillips Ditch,13,34,208.8,231.459090909,1534.50019435,1648.49947766,3295.26042162,"Residue and Tillage Management, No-Till",0,12580.934294,12571.1440616,,
071200011010,Cobb Creek-Kankakee River,11,11,429.1,429.1,830.512348473,1047.85948087,2093.50169758,"Residue and Tillage Management, No-Till",0,24028.5459213,24009.8424483,,
071200011101,Dehaan Ditch,0,0,0,0,0,0,0,N/a,0,23353.0008541,23334.9834263,,
071200011102,Wentworth Ditch-Knight Ditch,2,2,10.6,10.6,5.5064478857,8.1403030487,16.4524015163,Cover Crop,0,28834.4670799,28812.3640984,,
071200011103,Brown Levee Ditch-Kankakee River,0,1,0,18.4,28.1136778807,39.5972000884,79.1072396169,N/a,0,17697.7614814,17684.227945,,
071200011201,Gregory Ditch-Mud Lake Ditch,4,4,148.2,148.2,90.3726526957,116.784723189,235.316080033,Cover Crop,0,10976.447503,10968.0752087,,
071200011202,Mud Lake Ditch-Beaver Lake Ditch,0,0,0,0,0,0,0,N/a,0,10096.719557,10089.0894926,,
071200011203,Lawler Ditch-Beaver Lake Ditch,22,27,979,1610.8,925.331218594,1307.22396148,2624.92043604,Cover Crop,0,15987.7561886,15949.3350419,,
071200011204,Williams Ditch,0,0,0,0,0,0,0,N/a,0,10438.3876039,10026.0641905,,
071200011205,Beaver Lake Ditch-Kankakee River,0,0,0,0,0,0,0,N/a,0,15646.9728633,13960.8660186,,
071200011302,Fisher Pond- Stony Run,3,6,3.820087236,4.220087236,73.163286322,73.0969438035,145.496286249,Critical Area Planting,0,11701.3667324,11692.3800451,,
071200011303,Spring Run,0,0,0,0,0,0,0,N/a,0,8155.06139716,8148.87443561,,
071200011304,Greisel Ditch,0,0,0,0,0,0,0,N/a,0,10613.0455866,10604.9817863,,
071200011305,Bryant Ditch-Singleton Ditch,0,1,0,7.6,11.240198848,15.9350319164,31.8342624476,N/a,0,15050.10993,15038.5730995,,
071200011306,Cedar Creek,1,1,60,60,60,86,171,Cover Crop,0,20043.7115282,20028.6302563,,
071200011307,Brown Ditch,0,3,0,2.3,4.46763499313,5.99551398486,11.9798519697,N/a,0,13674.2336955,13663.8176794,,
071200011309,Klaasville-West Creek,0,0,0,0,0,0,0,N/a,0,11405.6164122,9126.2656408,,
071200011310,West Creek,0,4,0,2.1120523416,23.2,23.2,47.3,N/a,0,10393.765219,8465.31824522,,
071200011311,Bruce Ditch-Singleton Ditch,0,0,0,0,0,0,0,N/a,0,15811.165092,15799.373842,,
071200011312,Bull Creek-Singleton Ditch,0,0,0,0,0,0,0,N/a,0,13254.3553232,2807.60524315,,
071200011313,Singleton Ditch,0,0,0,0,0,0,0,N/a,0,8857.74502083,9.44719446,,
071200011403,Mirror Lake-Kankakee River,0,0,0,0,0,0,0,N/a,0,24080.5885258,40.38073003,,
071200020101,Ringneck Lake-Oliver Ditch,1,1,4.6,4.6,2,4,9,Filter Strip,0,17034.8384911,17021.5245659,,
071200020102,Lateral No 77 Ditch-Oliver Ditch,2,3,6.5,8.1,4.43008166146,6.47924965563,13.0922824139,Cover Crop,0,16315.2337482,16302.5028241,,
071200020103,Jungles Ditch-Oliver Ditch,0,19,0,36.3,21.2309478174,30.6573359831,61.9306295277,N/a,0,19396.9721465,19381.8323262,,
071200020201,Keefe Ditch,0,0,0,0,0,0,0,N/a,0,10888.0133449,10879.5068965,,
071200020202,Jordan Ditch-Slough Creek,2,2,743,743,185.710980026,285.541058653,577.47544031,Cover Crop,0,20924.3541104,20907.9998202,,
071200020203,Nessius Ditch-Bice Ditch,1,4,4.1,16.5,8.60219874533,13.7120215675,27.6269449689,Filter Strip,0,13971.4942249,13960.6026066,,
071200020204,Headwaters Carpenter Creek,1,1,0.3,0.3,8.8,8.8,17.6,Grassed Waterway,0,15027.4371191,15015.7880722,,
071200020205,Carpenter Creek,3,3,5.2,5.2,15.7100662066,16.8269189714,34.3268015881,Cover Crop,0,19621.4778547,19606.255803,,
071200020206,Bice Ditch-Slough Creek,6,6,178.4,178.4,56.7947617853,83.789935761,170.243515043,Cover Crop,0,12507.4654311,12497.7220459,,
071200020301,Headwaters Iroquois River,1,1,140,140,39.9912205546,59.9106228494,121.09518643,Cover Crop,0,16564.7938736,16551.9899937,,
071200020302,Iliff Slough Lateral-Ryan Ditch,0,1,0,0.5,0.350254020442,0.488285695742,0.985639181361,N/a,0,16456.3412405,16443.4723867,,
071200020303,Dexter Ditch-Iroquois River,0,0,0,0,0,0,0,N/a,0,17336.7865841,17323.3191367,,
071200020304,Ryan Ditch,9,9,18.3,18.3,28.0699180844,31.7250912619,63.4878322599,Early Successional Habitat Development/Management,0,18046.3359009,18032.2225207,,
071200020305,Moore Ditch-Iroquois River,6,7,48.4,48.4344352617,22.9986710142,48.2912849483,99.108031851,Early Successional Habitat Development/Management,0,18435.9895077,18421.6395908,,
071200020401,Headwaters Curtis Creek,4,9,22.5,64.4,63.1673705819,75.6079105897,150.970948273,Grassed Waterway,0,24763.2822382,24744.2467991,,
071200020402,Turner Ditch-Iroquois River,11,11,524.3,524.3,216.084330697,294.486027567,592.720471024,Cover Crop,0,14060.3618445,14049.551192,,
071200020403,Hunter Ditch,15,16,2504.9,2506.2,952.273423213,1332.1539195,2688.76025665,Cover Crop,0,27324.8656655,27303.843732,,
071200020404,Bower Ditch-Darroch Ditch,1,1,150,150,74.3396527964,101.171715775,204.077930518,"Residue and Tillage Management, No-Till",0,10959.3420616,10950.9990517,,
071200020405,Hickory Branch-Iroquois River,5,6,612.9,612.920661157,258.799649697,373.071743417,768.938380954,Early Successional Habitat Development/Management,0,26473.93856,26453.7099147,,
071200020501,Clark Ditch-Thompson Ditch,3,3,6.2,6.2,4.80983470031,6.57105251524,13.258412149,Cover Crop,0,11236.2986458,11227.9126525,,
071200020502,Whaley Ditch,0,1,0,25,17,26,52,N/a,0,13698.7140474,11903.2620456,,
071200020503,Strole Ditch-Iroquois River,0,0,0,0,0,0,0,N/a,0,12969.5146057,12959.7738221,,
071200020504,Headwaters Montgomery Ditch,2,2,7.7,7.7,71.8546941884,75.6547444515,151.380993016,Field Border,0,11314.0390248,11305.4441198,,
071200020505,Kent Ditch-Montgomery Ditch,2,2,42.2,42.2,66.7088100702,85.334372039,170.710051183,Cover Crop,0,20166.5255154,20151.4391336,,
071200020506,Montomery Ditch,0,0,0,0,0,0,0,N/a,0,16809.4956631,12712.7026399,,
071200020507,North Sheldon South Concord Ditch-Iroquois River,0,0,0,0,0,0,0,N/a,0,7512.68080633,547.63104819,,
071200020508,Blackstone Branch-Iroquois River,0,0,0,0,0,0,0,N/a,0,9064.00052398,249.29968321,,
071200020701,Upper Sugar Creek-Sugar Creek,2,2,119.2,119.2,186.393727981,238.905263008,477.455919414,"Residue and Tillage Management, No-Till",0,14240.2139961,14229.3317099,,
071200020702,Coon Creek-Mud Creek,5,5,313.336157025,313.336157025,539.575226807,673.94456065,1347.15777034,Grassed Waterway,0,24677.7147394,24659.1349391,,
071200020703,Kult Ditch-Mud Creek,6,6,9,9,18.5466361015,25.036697804,50.0405257238,Cover Crop,0,10248.8007156,9449.96261713,,
071200020704,Cole Creek-Mud Creek,0,0,0,0,0,0,0,N/a,0,9857.85819304,6026.39639988,,
071200020705,Yeagers Curve-Sugar Creek,7,10,580.5,586.621395776,895.281313714,1147.42785411,2292.11734159,"Residue and Tillage Management, No-Till",0,20566.1148184,15829.506638,,
071200020706,Town of Stockland,0,0,0,0,0,0,0,N/a,0,13513.9348169,1460.29506185,,
071200020709,Possum Trot Ditch,0,0,0,0,0,0,0,N/a,0,10760.2186897,84.83884643,,
071200020710,Coon Creek,0,0,0,0,0,0,0,N/a,0,19717.9591206,1411.98187255,,
071200021301,Hanger Ditch-Beaver Creek,24,24,1053,1053,613.53904754,799.69805387,1611.65565852,Cover Crop,0,15244.531556,15232.9990312,,
071200021302,Deardruff Ditch-Beaver Creek,6,6,486.1,486.1,261.112785896,347.018917162,699.650444576,Cover Crop,0,11912.9767467,11904.0095932,,
071200021303,Carlson Ditch-Beaver Creek,26,26,288,288,182.090127501,239.894336407,484.411187639,Early Successional Habitat Development/Management,0,11088.7194298,11001.8714505,,
071200021304,Hooper Branch,0,0,0,0,0,0,0,N/a,0,14078.0257269,9546.76443971,,
071200021305,North Hooper-Beaver Creek,0,0,0,0,0,0,0,N/a,0,8912.74003874,412.99770392,,
071200021306,Headwaters Little Beaver Creek,0,0,0,0,0,0,0,N/a,0,18586.482583,1187.90318294,,
