HU_12_NAME,HUC_12,Inst_BMP,Active_BMP,Inst_Ac,Active_Ac,Sediment,Phosphorus,Nitrogen,Lead_BMP,x,y
Rivir Lake-Forker Creek,040500011601,19,30,193.2,230.9,658.150398554,761.249259885,1520.98053028,Tree/Shrub Establishment,,
Winebrenner Branch-Carrol Creek,040500011602,7,9,169.870798898,170.970798898,387.304008155,470.121762614,939.711608736,Conservation Cover,,
Muncie Lake-South Branch Elkhart River,040500011604,11,32,76.8019283747,142.285330579,372.528400434,440.41507973,876.49656591,Conservation Cover,,
Coppes Ditch-Turkey Creek,040500011705,6,8,116,123,178.6390758,201.558542272,404.964862328,Cover Crop,,
Black Creek,041000030704,76,106,1301.63686869,1400.82557392,3243.28197833,3864.28467583,7725.74119853,Cover Crop,,
King Lake-Little Cedar Creek,041000030705,15,26,317.3,575.764944904,921.492334914,1116.93221485,2237.97038657,Cover Crop,,
Willow Creek,041000030706,25,50,582.1,724.699931129,1802.28659177,2137.41437838,4273.77439098,Cover Crop,,
Dosch Ditch-Cedar Creek,041000030707,19,32,522.1,639.1,868.090010168,1111.90471443,2223.43871322,Cover Crop,,
Hursey Ditches-Bear Creek,041000030801,20,21,422.2,422.3,497.171030971,648.996155414,1295.94970365,Cover Crop,,
Metcalf Ditch-St Joseph River,041000030802,42,44,893.4,912.8,1438.95917056,1774.21372136,3545.26739194,Cover Crop,,
Swartz Carnahan Ditch-St Josepf River,041000030803,0,3,0,10.5,14.910475073,19.7481665848,40.4912014343,N/a,,
Cedarville Reservoir-St Joseph River,041000030804,0,3,0,12.5,9.52073495819,13.8997181352,27.791019077,N/a,,
Ely Run-St Joseph River,041000030805,1,5,1.22245179063,18.6224517906,22.0533018215,29.1298441973,59.2466831645,Windbreak/Shelterbelt Establishment,,
Becketts Run-St Joseph River,041000030806,0,0,0,0,0,0,0,N/a,,
Black Creek,041000040302,0,0,0,0,0,0,0,N/a,,
Duck Creek,041000040304,0,0,0,0,0,0,0,N/a,,
Town of Willshire-St Marys River,041000040305,0,0,0,0,0,0,0,N/a,,
Twentyseven Mile Creek,041000040401,10,10,267.4,267.4,246.911044521,355.88434914,710.946859692,Cover Crop,,
Gales Ditch,041000040402,35,48,814.8,843.627410468,1212.28608656,1569.44153351,3137.27340296,Cover Crop,,
Headwaters Blue Creek,041000040403,32,35,832.2,843.7,781.474174535,1127.09286273,2251.57596483,Cover Crop,,
Little Blue Creek,041000040404,5,11,160.6,164.320087236,892.552702605,957.314812266,1914.03907093,Cover Crop,,
Blue Creek,041000040405,32,35,795.014921947,811.314921947,782.016644629,1107.97529429,2164.08669721,Cover Crop,,
Martz Creek,041000040406,25,32,681.2,803.1,748.887008179,1093.99607224,2184.39522717,Cover Crop,,
Borum Run,041000040407,9,11,353.5,413.7,376.081052812,552.200245804,1103.06232316,Cover Crop,,
City of Decatur-St Marys River,041000040408,85,108,1706.2,1784.56088154,3096.03445777,4018.97561323,8030.5386662,Cover Crop,,
Holthouse Ditch,041000040501,9,22,286.5,315.6,327.162267032,632.855548215,2721.73385534,Cover Crop,,
Weber Ditche-St Marys River,041000040502,17,29,426,432.6,777.123565112,956.220618555,1910.12556944,Cover Crop,,
Nicklesen Creek,041000040503,15,30,398.9,440.45,479.281748851,664.037814541,1326.78968557,Cover Crop,,
Buhlman Ditch-St Marys River,041000040504,69,107,1484.8,1542.45381084,3252.93058635,3901.33518473,7805.01463924,Cover Crop,,
Houk Ditch,041000040601,16,24,344.2,363.633516988,724.030725351,876.37826293,1754.84522754,Cover Crop,,
Simmerman Ditch-St Marys River,041000040602,18,26,514.6,532.6,827.226419711,1169.44894308,2728.4490042,Cover Crop,,
Fairfield Ditch,041000040603,11,12,650.4,654.2,794.205930209,1062.07354802,2122.24953013,Cover Crop,,
Snyder Ditch-St Marys River,041000040604,7,10,110.5,126.8,155.885557669,215.818813141,432.28578123,Cover Crop,,
Sly Run Creek,041000040605,0,0,0,0,0,0,0,N/a,,
Junk Ditch-St Marys River,041000040606,3,3,28.5721763085,28.5721763085,439.95283527,391.506205552,781.931390378,Cover Crop,,
Trier Ditch,041000050101,11,29,163.8,178,460.652906624,531.917507552,1070.26290133,Cover Crop,,
Bullerman Ditch-Maumee River,041000050102,19,28,622.8,640.9,691.235041355,943.596525002,1887.42854297,Cover Crop,,
Sixmile Creek-Maumee River,041000050103,80,94,2060.9,2082.6,2879.07448259,3739.30378279,7468.75825855,Cover Crop,,
Black Creek,041000050104,34,53,1610.4,1647.1,2281.69544765,3002.21130389,6062.70871601,Cover Crop,,
Bottern Ditch-Maumee River,041000050105,35,47,1157.3,1338.66446281,1794.37272622,2378.00308389,4748.89938524,Cover Crop,,
Marsh Ditch-Maumee River,041000050106,21,22,719.5,719.8,1079.7172965,1381.76106736,2762.47552949,"Residue and Tillage Management, No-Till",,
Zuber Cutoff,041000050201,0,0,0,0,0,0,0,N/a,,
North Chaney Ditch-Maumee River,041000050202,4,5,207.4,227.3,240.467556941,333.505992761,666.331248015,Cover Crop,,
Marie DeLarme Creek,041000050203,54,71,2292.6,2350.34504132,3133.99591417,4071.73848936,8138.03355315,Cover Crop,,
Gordon Creek,041000050204,0,0,0,0,0,0,0,N/a,,
Upper Blue Creek,041000071002,0,0,0,0,0,0,0,N/a,,
Headwaters Flatrock Creek,041000071201,0,3,0,4.9,8,11,22,N/a,,
Headwaters Hoffman Creek,041000071202,5,13,171.9,181.4,201.360144614,276.70742145,552.920246913,Cover Crop,,
Bohnke Ditch-Hoffman Creek,041000071203,15,22,284.2,297.1,423.287137469,552.847090816,1105.89545733,Cover Crop,,
Brown Ditch-Flatrock Creek,041000071204,25,29,678.7,683.4,994.140820475,1278.46267721,2556.99012379,Cover Crop,,
Wildcat Creek-Flatrock Creek,041000071205,2,3,200.4,200.6,191.477840108,267.829723331,534.098527478,Cover Crop,,
Dismal Creek,050800011001,0,2,0,1.4,114,114,228,N/a,,
Kraut Creek,050800011002,0,0,0,0,0,0,0,N/a,,
Headwaters Greenville Creek,050800011004,0,2,0,3.8,8.81710289658,11.4709491012,22.9229432464,N/a,,
Jordan Creek-Martindale Creek,050800030102,9,27,169.5,223.832208448,1347.04899813,1430.12589485,2859.71118701,Cover Crop,,
Little Creek-Whitewater River,050800030104,21,65,478.779338843,581.857392103,2157.7178596,2326.78553466,4652.58659782,Cover Crop,,
Little Mud Creek-Mud Creek,050800030201,0,7,0,7.2080348944,707,773,1547,N/a,,
Copy Run-Greens Fork,050800030202,13,42,70.6286960514,104.896395776,1984.38442712,1950.71076069,3909.38464621,Heavy Use Area Protection,,
Stoney Creek-Wabash River,051201010102,2,8,29.7,42.1,146.678897434,192.06677869,384.84128911,Cover Crop,,
Toti Creek-Wabash River,051201010103,0,0,0,0,0,0,0,N/a,,
Wilson Creek-Limberlost Creek,051201010401,13,15,464.2,466.3,766.27961511,1120.23898351,2239.48337916,Cover Crop,,
Shirk Votaw Ditch-Camp Run,051201010402,35,35,932.2,932.2,1586.07416751,2352.43074302,4699.91757303,Cover Crop,,
Bear Creek,051201010403,13,19,59.0942699725,66.6539990817,663.586033684,823.336271222,1646.40845716,Early Successional Habitat Development/Management,,
Oakley Ditch-Limberlost Creek,051201010404,8,11,19.9,26.2,105.418847901,157.906672358,316.664863345,Early Successional Habitat Development/Management,,
Votaw Ditch-Loblolly Creek,051201010405,7,17,333.3,450.1,586.733920763,878.270160103,1751.982731,Cover Crop,,
Hickory Branch-Wabash River,051201010501,8,8,263.27,263.27,430.084287509,635.596853368,1269.07391442,Cover Crop,,
Brewster Ditch-Wabash River,051201010502,10,32,148.460284665,281.360284665,476.961908652,684.709229833,1369.59370639,Cover Crop,,
Jamstutz Ditch-Wabash River,051201010601,26,55,581.4,778.518663912,788.725260516,1156.06486179,2304.98679224,Cover Crop,,
Threemile Creek-Wabash River,051201010602,3,6,159.57,182.57,358.110154795,521.478950832,1039.48030145,Cover Crop,,
Kunkel Lake-Sixmile Creek,051201010603,6,10,303.4,326.5,373.29462278,521.793437865,1042.50899012,Cover Crop,,
Miller Ditch-Sixmile Creek,051201010604,21,42,865.85,1214.65,1182.05755061,1701.46885679,3395.96838839,Cover Crop,,
Headwaters Rock Creek,051201010701,12,25,553.3,558.4,711.278581121,971.406888808,1923.021876,Cover Crop,,
Mossburg Ditch,051201010702,12,13,610.78,612.48,697.124927091,962.460416451,1922.11290396,Cover Crop,,
Stites Ditch-Rock Creek,051201010703,53,58,1947.5,1988.71606979,2563.47596333,5085.53093144,19042.8652052,Cover Crop,,
Elkenberry Ditch-Rock Creek,051201010704,12,17,385.6,399.07,846.307170138,1234.40302974,2464.7805707,Cover Crop,,
Johns Creek-Wabash River,051201010801,9,22,494.1,601.4,775.92722177,1054.74315716,2097.31203334,Cover Crop,,
Dowty Ditch-Wabash River,051201010802,45,53,771.69,801.69,1165.86279371,1506.42616506,3011.47493235,"Residue and Tillage Management, Reduced Till",,
Bender Ditch-Wabash River,051201010803,0,2,0,59,87.4731382783,122.797642834,245.316042949,N/a,,
Griffin Ditch-Wabash River,051201010804,0,1,0,4.39,16,27,53,N/a,,
Maple Creek-Eightmile Creek,051201010901,1,3,0.4,3.7,7.94107334198,11.2301602365,22.4582340934,Conservation Cover,,
Moser Lake-Eightmile Creek,051201010902,4,4,125.38,125.38,157.921400289,220.050747166,438.698403476,Cover Crop,,
Big Creek-Eightmile Creek,051201010903,42,45,843.9,846.2,1314.54490533,1714.64235856,3426.37349921,Early Successional Habitat Development/Management,,
Pleasant Run Ditch-Eightmile Creek,051201010904,2,4,158.5,162.040174472,733.064255364,879.501521333,1758.56075919,Cover Crop,,
Seeger Ditch,051201011001,10,11,135.4,141,173.702912794,232.222113864,464.030869096,Cover Crop,,
Beal Taylor Ditch-Aboite Creek,051201011002,4,12,144.2,160.816069789,547.325021429,611.043888462,1220.75055894,Cover Crop,,
Robinson Creek,051201011003,2,2,6.3,6.3,9.36735621123,12.0006926543,23.9836511925,Cover Crop,,
Graham McCulloch Ditch #1-Little River,051201011004,1,3,27.6,47.6,52.568802804,69.5787487681,138.066398124,Cover Crop,,
Little Indian Creek-Aboite Creek,051201011005,6,6,83.2,83.2,217.853959274,249.595124138,499.015415755,Cover Crop,,
Cow Creek-Little River,051201011006,6,9,70.2,81.05,289.948449574,384.600840975,768.796525363,Tree/Shrub Establishment,,
Flat Creek,051201011101,1,6,4.2,17.86,219.845312784,301.585858612,594.143673648,Early Successional Habitat Development/Management,,
Bull Creek-Little River,051201011102,18,25,190.68,225.42,696.684230163,1016.51905429,2027.59032881,Early Successional Habitat Development/Management,,
Mud Creek-Little River,051201011103,6,26,14.1,114.148209366,859.206413386,1227.90630485,2389.64824685,Conservation Cover,,
Flint Creek-Little River,051201011104,1,15,0.7,83.5436547291,289.126746033,385.214766768,768.35765202,Conservation Cover,,
West Branch Clear Creek,051201011201,16,28,83.2,102.07,695.317465287,877.468097048,1749.98076867,Conservation Cover,,
Headwaters Clear Creek,051201011202,16,58,369.846951331,543.19415978,1945.61619644,2301.55737856,4315.584672,Cover Crop,,
Huntington Lake-Wabash River,051201011301,0,0,0,0,0,0,0,N/a,,
Silver Creek,051201011302,4,19,8.5,72.8371166208,668.947851632,922.326282321,1840.3726298,CREP CP 21 Filter Strips,,
Town of Andrews-Wabash River,051201011303,1,10,2.08,25.33,37.0605093862,43.7525591194,87.4846996583,CREP CP 31 Bottom Timber Establishment on Wetland,,
Loon Creek,051201011304,14,16,179.595936639,188.449380165,221.990905259,312.952765896,625.220867633,Conservation Cover,,
Hanging Rock-Wabash River,051201011305,3,11,6.8,44.38,119.252157315,165.743729124,331.422540912,Early Successional Habitat Development/Management,,
Enyeart Creek-Wabash River,051201011401,12,23,197.6,246.399559229,956.082916684,1189.17210227,2374.58589734,Cover Crop,,
Stone Creek-Treaty Creek,051201011402,8,19,84.97,110.278089991,1009.44404872,1187.73244798,2517.15687737,Cover Crop,,
Burr Creek-Wabash River,051201011403,20,45,470.8,559.3,3313.43514254,3887.11279392,7727.95452124,Cover Crop,,
Ridgeway Creek,051201011404,2,7,52,69.2535353535,484.185419924,508.392294656,1016.63903982,Cover Crop,,
Kentner Creek,051201011405,7,34,112.828650138,209.140165289,1151.97972339,1281.73705554,2543.16188905,Grassed Waterway,,
Gilbert Branch-Wabash River,051201011406,0,4,0,4.2,327.2,327.2,659.4,N/a,,
Daniel Creek-Wabash River,051201011407,8,22,35.5,99.4159779614,863.159227142,919.854144397,1839.48680053,Early Successional Habitat Development/Management,,
Headwaters Pipe Creek,051201011501,2,2,53,53,49.8322072557,70.7702737593,141.384746918,Cover Crop,,
Stony Creek-Pipe Creek,051201011502,2,4,69.4,72.3,70.9843674754,100.391789913,200.564637067,Cover Crop,,
Turkey Creek-Little Pipe Creek,051201011503,5,21,237.6,246.8,896.270494775,1174.56460598,2339.91122481,Cover Crop,,
Honey Creek,051201011504,8,22,494.8,514.412052342,1556.22243037,1907.37557824,3805.18768532,Cover Crop,,
Walnut Creek-Pipe Creek,051201011505,21,37,412.04,419.264104683,2512.8736698,2828.56168047,5647.38837066,Early Successional Habitat Development/Management,,
Negro Creek-Pipe Creek,051201011506,5,6,36.6,37.3,312.574418125,380.150349654,757.238413261,CREP CP 21 Filter Strips,,
Bear Creek-Pipe Creek,051201011507,17,29,490.6,508.108034894,1332.44076537,1596.46017577,3149.39294438,Cover Crop,,
Salem Ditch-Little Pipe Creek,051201011601,25,31,855.7,880.6,2252.16420278,2756.22908923,5510.94620096,Cover Crop,,
Prairie Ditch-Wabash River,051201011602,17,25,267.9,339.848209366,1426.65969063,1596.92450623,3190.65027929,Grassed Waterway,,
Lowe Ditch-Wabash River,051201011603,12,32,247.4,261.6,1396.33174745,1500.1063381,2999.42350745,"Residue and Tillage Management, No-Till",,
McLaughlin Ditch-Salamonie River,051201020101,32,35,385.2,388.2,1563.53903781,1904.29005777,3805.29914291,Cover Crop,,
Little Salamonie River,051201020102,6,6,127.3,127.3,243.228192465,377.616171088,754.045125798,Early Successional Habitat Development/Management,,
Berger Ditch-Salamonie River,051201020103,3,4,112.3,113.7,369.526157069,455.635381962,910.904644186,Cover Crop,,
Sipe Ditch,051201020104,1,1,2,2,367,367,733,Grassed Waterway,,
Miller Ditch-Salamonie River,051201020105,15,15,140.6,140.6,1365.53065826,1508.23808684,3016.25261065,Early Successional Habitat Development/Management,,
Cowboy Run-Brooks Creek,051201020106,0,0,0,0,0,0,0,N/a,,
Mud Creek-Brooks Creek,051201020107,6,6,58.1,58.1,363.12379563,407.944345165,815.698403137,Cover Crop,,
Glenn Miller Ditch-Salamonie River,051201020108,4,4,87.2,87.2,140.096818195,207.405276849,414.389949993,Early Successional Habitat Development/Management,,
Twomile Ditch-Salamonie River,051201020201,0,1,0,0.6,77.8,77.8,155.5,N/a,,
Beaver Creek-Salamonie River,051201020202,12,12,265.4,265.4,344.926797042,520.656519002,1040.07182976,Cover Crop,,
Stoney Creek-Salamonie River,051201020203,12,14,221.1,257.9,370.331968893,556.431932974,1112.55232306,Cover Crop,,
Scuffle Creek-Salamonie River,051201020301,5,16,3.20550964187,11.9055096419,189.983695998,196.843891501,389.381521237,Conservation Cover,,
Prairie Creek,051201020302,16,16,536.2,536.2,684.893870583,1038.09224621,2073.6282727,Cover Crop,,
Shadle Drain-Salamonie River,051201020303,10,10,357.259687787,357.259687787,436.579477707,4297.21164377,17649.3730649,Cover Crop,,
Baker Ditch-Black Creek,051201020304,14,17,208.9,211.1,456.16007621,565.735496605,1130.68200358,Cover Crop,,
Little Black Creek-Black Creek,051201020305,3,3,55.5799357208,55.5799357208,51.5747901415,73.0730330609,145.985409394,Cover Crop,,
Morrison Ditch-Salamonie River,051201020306,5,9,75.8985766758,88.4985766758,458.902639886,498.684645266,997.499050679,Heavy Use Area Protection,,
Weasel Creek-Salamonie River,051201020401,9,24,171.1,181.000068871,1975.44885273,3058.88761474,6109.06335878,Conservation Cover,,
Richland Creek,051201020402,3,14,243,262.633884298,1006.53934328,1102.38866761,2203.97327789,Cover Crop,,
Majencia Creek,051201020403,8,17,79.1,110.39,253.885420612,365.715298006,728.175178544,Early Successional Habitat Development/Management,,
Rush Creek,051201020404,3,14,75.8,81.6992653811,1379.22610771,1522.94992996,3046.71062335,"Residue and Tillage Management, No-Till",,
Salamonie Reservoir-Salamonie River,051201020405,2,4,93.4,93.8112488522,149.660424462,185.710363178,371.059365845,Cover Crop,,
Indian Creek-Salamonie River,051201020406,10,10,307.8,307.8,401.049849493,526.161668616,1051.45805728,Cover Crop,,
Little Mississinewa River,051201030101,2,2,1.1,1.1,2.95214253281,3.72965030191,7.45390062814,Early Successional Habitat Development/Management,,
Gray Branch-Mississinewa River,051201030102,0,0,0,0,0,0,0,N/a,,
Jordan Creek-Mississinewa River,051201030103,6,15,268.6,292,502.472104094,696.015060789,1390.84790295,Cover Crop,,
Porter Creek-Mississinewa River,051201030104,16,16,571.7,571.7,767.530215155,1035.72886777,2069.68663398,Cover Crop,,
Mud Creek-Mississinewa River,051201030105,15,27,11.7,29.7241046832,1811.18595796,1850.98096911,3710.90315098,Grassed Waterway,,
Days Creek,051201030201,0,0,0,0,0,0,0,N/a,,
Bear Creek,051201030202,2,8,2.8,11,224.334059962,237.096849526,476.175498165,Conservation Cover,,
Fetid Creek-Mississinewa River,051201030203,12,21,341.8,368.924104683,851.333211847,1035.46888174,2078.93540049,Cover Crop,,
Bush Creek,051201030204,0,4,0,7.7,17.8019255332,23.1760050435,46.3136007277,N/a,,
Redkey Run-Halfway Creek,051201030205,4,4,76.01,76.01,103.0263068,136.362901053,272.495305379,Cover Crop,,
Platt Nibarger Ditch-Mississinewa River,051201030206,0,9,0,11,733.0450693,832.671771302,1676.31762998,N/a,,
Little Lick Creek-Big Lick Creek,051201030301,3,23,196.71,327.997488522,787.860577992,996.235328871,1983.29732256,Cover Crop,,
Townsand Lucas Ditch-Big Lick Creek,051201030302,1,6,21,25.3,589.834469957,604.097349535,1208.03689202,Cover Crop,,
Campbell Creek,051201030401,3,8,50.9,52.8321395776,127.090992447,147.811539614,292.479948273,Conservation Cover,,
Rees Ditch-Mississinewa River,051201030402,24,24,1207.54165289,1207.54165289,1915.8546225,2255.68831938,4508.41127628,Cover Crop,,
Studebaker Ditch-Pike Creek,051201030403,0,0,0,0,0,0,0,N/a,,
Holden Ditch-Mississinewa River,051201030404,0,1,0,5,9.69643698175,13.1214207799,26.2174941241,N/a,,
Hoppas Ditch-Mississinewa River,051201030501,0,0,0,0,0,0,0,N/a,,
Lake Branch-Mississinewa River,051201030502,2,2,167,167,138.234616216,201.455335792,402.430941923,Cover Crop,,
Barren Creek,051201030503,5,5,20,20,57.6485602382,58.3257567057,116.546463568,Conservation Cover,,
Back Creek,051201030504,0,0,0,0,0,0,0,N/a,,
Little Walnut Creek-Walnut Creek,051201030505,17,18,1018.54,1044.34,1022.53281595,1528.16413597,3052.33235794,Cover Crop,,
Walnut Creek,051201030506,2,2,14.8,14.8,16.5904074649,22.7532610637,45.4619875323,Cover Crop,,
Little Deer Creek-Deer Creek,051201030507,0,0,0,0,0,0,0,N/a,,
Deer Creek,051201030508,0,0,0,0,0,0,0,N/a,,
Lugar Creek,051201030509,6,13,162.8,166.6,853.960514924,942.707720786,1883.84904991,Cover Crop,,
Branch Creek-Mississinewa River,051201030510,1,10,9.3,63.0060606061,387.852381117,439.302045521,881.334461804,Cover Crop,,
Boots Creek-Mississinewa River,051201030511,0,0,0,0,0,0,0,N/a,,
Hummel Creek-Mississinewa River,051201030601,0,3,0,5,7.83858240395,11.0660061987,22.1073559925,N/a,,
Metocinah Creek,051201030602,4,10,20.2,23.5356290174,311.791187249,313.536419258,626.672438729,Early Successional Habitat Development/Management,,
Grant Creek-Mississinewa River,051201030603,6,15,12.1,34.5,838.043523519,940.016674113,1874.98526041,Forage and Biomass Planting,,
Forked Branch-Mississinewa River,051201030604,0,3,0,1.83562901745,251.8,287.4,570.8,N/a,,
Mississinewa Lake-Mississinewa River,051201030605,0,2,0,0.9,93,93,185,N/a,,
Town of Peoria-Mississinewa River,051201030606,2,3,3.72,5.02,15.2051374885,17.7073463263,35.4121404357,CREP CP 21 Filter Strips,,
Headwaters Blue River,051201040101,31,66,222.3,348.699173554,967.227635337,1140.37290018,2277.01138776,Cover Crop,,
Mud Run-Blue River,051201040102,13,27,399.717194674,443.524311295,1179.12017006,1338.19441629,2676.43516057,Cover Crop,,
Thorn Creek-Blue River,051201040103,20,20,433.6,433.6,1036.98943513,1204.2540434,2407.55324584,Cover Crop,,
Blue Babe Branch-Blue River,051201040104,9,20,179.5,206.209963269,852.821991693,1186.30863353,2374.23753592,Cover Crop,,
Berward Ditch-Eel River,051201040201,2,19,92.8,191.8,232.036279075,332.579147439,663.88310979,Cover Crop,,
Johnson Drain-Eel River,051201040202,2,7,5.8,16.8,35.1116368913,49.4664056293,97.9084257695,Conservation Cover,,
Krider Ditch-Eel River,051201040203,5,17,156.5,228.164830119,530.016374335,628.658345605,1255.61686501,Cover Crop,,
Solon Ditch-Eel river,051201040204,0,2,0,5.45208907254,22.9940222067,25.6834396653,51.3498378058,N/a,,
Emerick Branch-Gangwer Ditch,051201040205,2,21,28.8,55.7,385.627563351,410.665147078,819.904304385,Cover Crop,,
Black Lake-Spring Creek,051201040301,42,59,537.4,554.416391185,1786.27152731,1994.47185114,3988.83166564,Cover Crop,,
Shoenauer Ditch-Spring Creek,051201040302,53,70,581.3,649.078099174,1746.39359305,1954.41973739,3905.02905065,Cover Crop,,
Headwaters Sugar Creek,051201040303,8,8,112.8,112.8,272.223099911,315.449195633,630.652783236,Cover Crop,,
County Farm Ditch-Eel River,051201040304,26,27,292.9,295.1,760.649656445,871.43340719,1742.25298056,Cover Crop,,
Mishler Ditch-Eel River,051201040401,26,34,740.2,766.5956382,1909.57191562,2030.80206384,4069.58910107,"Residue and Tillage Management, No-Till",,
Hurricane Creek-Eel River,051201040402,10,10,245.8,245.8,580.969325091,676.564151859,1352.57909438,Cover Crop,,
Plunge Creek-Eel River,051201040403,20,29,899.1,982.6,1873.8491859,2015.47126619,4047.13247477,Cover Crop,,
Simonton Creek-Eel River,051201040404,6,17,191.3,229.296602388,858.685086284,952.968459071,1903.45068886,"Residue and Tillage Management, No-Till",,
Pony Creek,051201040405,7,12,2.64132231405,13.7746097337,544.1,560.1,1119,Grassed Waterway,,
Nelson Creek-Clear Creek,051201040406,3,10,229.4,234,441.520192057,473.030271405,948.177010919,Cover Crop,,
Swank Creek-Eel River,051201040407,1,2,69.6,73.2,169.676624385,179.76685664,360.468038845,"Residue and Tillage Management, No-Till",,
Silver Creek,051201040501,61,77,1459.6,1568.7,2651.86218986,3065.87800316,6140.72188668,Cover Crop,,
Otter Creek-Eel River,051201040502,16,25,979.2,992.7,1684.94760029,2103.78756822,4204.84125988,Cover Crop,,
Beargrass Creek,051201040503,25,32,1274.78,1280.83656566,2233.27759649,2742.61887216,5480.26949752,Cover Crop,,
Bolley Ditch,051201040504,3,12,57.5,93.8,328.494986702,338.00718052,677.516885881,Cover Crop,,
Squirrel Creek,051201040505,0,24,0,97.1,847.945768216,899.466777239,1798.5405451,N/a,,
Sharp Ditch-Paw Paw Creek,051201040506,0,5,0,7.92993572084,256.9,256.9,514.7,N/a,,
Bachelor Creek-Paw Paw Creek,051201040507,0,5,0,1.87821395776,352.7,358.7,717.6,N/a,,
Oren Ditch-Paw Paw Creek,051201040508,0,7,0,29,159.673595711,168.042015415,335.961099403,N/a,,
Town of Roann-Eel River,051201040509,0,6,0,13.9217630854,92.7391654077,97.8731605041,197.753132345,N/a,,
Flowers Creek-Eel River,051201040601,1,5,53.5,75.9,273.817356674,303.862105404,607.450219469,Cover Crop,,
Little Weesau Creek-Weesau Creek,051201040602,21,33,627.5,656.4,1803.62756961,2100.95938249,4202.57603602,Cover Crop,,
Washonis Creek-Eel River,051201040603,57,75,992.5,1117.3,4541.36335736,5047.22784475,10047.5665888,Cover Crop,,
East Branch Twelvemile Creek,051201040701,1,17,17,36,252.043639285,273.030909222,546.206555148,Cover Crop,,
West Branch Twelvemile Creek,051201040702,2,4,105.3,144.3,179.397793127,245.845440653,491.205857973,Cover Crop,,
Twelvemile Creek,051201040703,2,3,157.3,162.8,314.717019038,389.033295835,777.585764577,Cover Crop,,
Town of Hoover-Eel River,051201040704,19,24,74.5,78.7,1270.03058642,1302.21618895,2601.11088199,Early Successional Habitat Development/Management,,
Mud Branch-Eel River,051201040705,9,12,280.4,281.2,381.033044184,494.949389897,989.081019337,Cover Crop,,
Headwaters Crooked Creek,051201050101,1,5,28.5,30.8,40.6953316198,53.8168571669,107.541795208,Cover Crop,,
Miller Ditch-Crooked Creek,051201050102,4,6,11.9,13.5,280.748820175,416.867928583,830.727878207,CREP CP 21 Filter Strips,,
Galbreath Ditch-Crooked Creek,051201050103,0,6,0,1.6,79.7572807172,80.1787312284,160.65447756,N/a,,
Grants Run-Wabash River,051201050104,5,22,40,60.3,775.713226386,865.092370613,1728.25784241,Early Successional Habitat Development/Management,,
Toney Ditch-Rock Creek,051201050201,16,19,634.4,637.4,784.369381977,1039.93581599,2078.07859149,Cover Crop,,
Little Rock Creek,051201050202,18,19,629.1,629.4,900.647854651,1157.87868308,2314.0052108,Cover Crop,,
Widow Creek-Rock Creek,051201050203,4,4,169,169,346.426128993,420.546431961,840.628143038,"Residue and Tillage Management, No-Till",,
Burnetts Creek,051201050204,0,3,0,13.6,20.67030229,23.3692910213,46.6234642213,N/a,,
Ryan Appleton Ditch-Rock Creek,051201050205,7,9,79.3,96.2,363.163177423,497.433729953,991.619789692,Early Successional Habitat Development/Management,,
Keeps Creek-Wabash River,051201050206,20,31,79.3,83.3,433.228675212,521.380119944,1041.84372365,Early Successional Habitat Development/Management,,
Headwaters Rattlesnake Creek,051201050301,4,8,117.4,128.589256198,317.358526182,402.066147029,796.752969919,Cover Crop,,
Hickory Grove Church-Rattlesnake Creek,051201050302,0,4,0,8.25188246097,382.815209353,547.924728477,1089.85643119,N/a,,
Pleasant Run-Wabash River,051201050303,9,20,217.378787879,227.886501377,550.762104684,700.159597855,1397.6337576,Cover Crop,,
Copper Creek-Deer Creek,051201050401,13,19,486,490.6,1180.87660648,1395.04665755,2788.91484766,Cover Crop,,
Wise Grinslade Ditch-Deer Creek,051201050402,7,13,4.4,22.1,890.441773685,1133.35831877,2257.80413451,Grassed Waterway,,
 Matthew Anaker Ditch-South fork Deer Creek,051201050403,1,1,17.39,17.39,58,84,167,CREP CP 21 Filter Strips,,
Manson Kingery Ditch-South Fork deer Creek,051201050404,1,5,4.38,5.58,110.1,116.1,231.1,CREP CP 21 Filter Strips,,
Russell Ditch-Deer Creek,051201050405,0,9,0,7.8,420.461167401,421.901580154,843.892672033,N/a,,
Henry Gilbert Ditch-Little Deer Creek,051201050501,6,23,58.42,206.932052342,464.264928276,642.652622738,1282.18106959,Cover Crop,,
McClosky Ditch,051201050502,5,6,276.83,276.93,397.020621689,515.826482073,1031.83833785,Cover Crop,,
Little Deer Creek,051201050503,13,19,669.03,673.826418733,959.256860534,1248.95215636,2493.89307511,Cover Crop,,
Paint Creek,051201050504,1,5,100,102.396418733,615.898588606,422.421938747,998.548225659,Cover Crop,,
Headwaters Bachelor Run,051201050505,26,28,772.88,773.28348944,1416.62994917,1747.54334602,3490.79528847,Cover Crop,,
Kuns Ditch-Bachelor Run,051201050506,7,7,182.73,182.73,272.819503265,351.369374373,702.205176302,Cover Crop,,
Monson Ditch-Deer Creek,051201050507,15,21,474.105050505,496.295050505,907.010820954,1112.04773573,2221.89185974,Cover Crop,,
Robinson Branch-Deer Creek,051201050508,10,14,559.57,567.07,985.719216306,1250.51286128,2503.43257383,Cover Crop,,
Little Sugar Creek-Sugar Creek,051201050601,5,9,270.44,271.74,476.539021258,591.793884606,1180.7915291,Cover Crop,,
Bowen Ditch-Wabash River,051201050602,9,16,209.268870523,244.868870523,483.623961098,993.74597093,4852.68250176,Cover Crop,,
Harrison Creek-Wabash River,051201050603,1,1,78.93,78.93,86.5958999389,120.200406022,240.155120271,Cover Crop,,
Cedar Lake Branch-Elder Ditch,051201060101,18,26,560.8,565.783448118,4612.34945627,5290.57302804,10531.2479061,Cover Crop,,
Ridinger Lake-Grassy Creek,051201060102,9,16,252.4,330.9,804.13898247,901.656513911,1784.14766366,Cover Crop,,
Smalley Lake-Tippecanoe River,051201060103,33,56,491.699586777,537.171464646,1925.70528827,2205.60349186,4411.41708591,Cover Crop,,
Big Barbee Lake-Grassy Creek,051201060104,7,12,261.3,278.002272727,418.519066347,471.998438528,948.461597949,Cover Crop,,
Tippecanoe Lake-Tippecanoe River,051201060105,3,23,5.08053259872,18.9202708907,1180.00463355,1023.06321168,2047.91474883,Grassed Waterway,,
McCarter Ditch-Deeds Creek,051201060201,12,27,235.730238751,332.206730946,742.380396194,783.845383929,1572.31984013,"Residue and Tillage Management, No-Till",,
Pike Lake-Deeds Creek,051201060202,10,14,184.47,235.059049587,923.71310842,985.381795302,1965.34539191,"Residue and Tillage Management, No-Till",,
Winola Lake-Eagle Creek,051201060203,28,41,494.880358127,539.200358127,1230.74329254,1309.39547667,2630.08242898,Cover Crop,,
Eagle Creek-Walnut Creek,051201060204,28,45,816.59,928.99087236,1667.12586204,1792.2708826,3599.09742709,Cover Crop,,
Ruple Ditch-Tippecanoe River,051201060205,7,9,112.7,161.4,246.598099077,272.746827135,547.063109487,Cover Crop,,
Adams Ditch-Trimble Creek,051201060301,21,22,1282.49,1338.39,2236.34336469,2450.00648824,4917.82126845,Cover Crop,,
Pole Run Ditch-Tippecanoe River,051201060302,2,4,48.1,73.16,111.030231057,123.003827008,245.682597209,Cover Crop,,
Palestine Lake-Trimble Creek,051201060303,6,6,223.41,223.41,502.236990814,521.59564694,1047.11052042,"Residue and Tillage Management, No-Till",,
Ridenour Ditch-Danner Ditch,051201060304,2,4,54,55.76,65.277269442,77.5723134437,154.886886741,CREP CP 21 Filter Strips,,
Danner Ditch-Tippecanoe River,051201060305,13,14,118.89,120.89,205.712006607,292.874702658,585.04011327,CREP CP 21 Filter Strips,,
Shatto Ditch-Tippecanoe River,051201060401,25,31,967.385500459,1018.14977961,1690.04270348,1873.23401165,3759.79232911,Cover Crop,,
Outlet Creek,051201060402,0,1,0,3.41,3.19436316642,3.28514758638,6.58655171522,N/a,,
Rickle Ditch-Yellow Creek,051201060403,14,16,752.5,757.193213958,1316.13639446,1433.72284178,2876.27861005,"Residue and Tillage Management, No-Till",,
Little Yellow Creek-Yellow Creek,051201060404,2,4,104.83,158.23,305.946793537,355.984948584,713.314344661,CREP CP 21 Filter Strips,,
Clarence Baker Ditch-Tippecanoe River,051201060405,0,14,0,5.3,1567,1567,3139,N/a,,
Redinger Ditch-Tippecanoe River,051201060406,0,3,0,2.4,10,11,23,N/a,,
Lake 16-Chippewanuck Creek,051201060407,10,15,66.0738888889,66.7518503214,126.616540673,154.9980791,308.602561456,Fence,,
Byrant Leininger Ditch-Chippenwanuck Creek,051201060408,1,4,50,50.7141046832,187.663881828,176.30243184,353.220624674,Cover Crop,,
Reister Creek-Tippecanoe River,051201060409,3,3,55.96,55.96,75.9555738017,83.7316054838,168.138199065,Cover Crop,,
Robbin Taylor Ditch,051201060501,0,11,0,5.4160697888,354.4,354.4,709,N/a,,
Lake Manitou- Mill Creek,051201060502,22,23,530.43,530.93,731.322155351,810.274226328,1628.98606562,Cover Crop,,
Smith Ditch-Mud Creek,051201060503,2,3,88.03,95.13,124.197496933,139.482700905,279.046925787,Cover Crop,,
Neff Ditch-Mud Creek,051201060504,5,6,191.08,213.85,268.372853469,319.920274097,643.172668679,Cover Crop,,
Grube Ditch-Mud Creek,051201060505,2,2,50.8,50.8,63.669820231,71.4790583786,143.590830148,Conservation Cover,,
Collins Ditch,051201060506,2,5,89.9,102.12,136.168563538,155.770875889,312.646750209,Cover Crop,,
Tilden Ditch-Mud Creek,051201060507,7,7,321.24,321.24,394.904606969,443.988415235,891.930088424,Cover Crop,,
Cowan Ditch-Eddy Creek,051201060508,3,5,12.9,15.63,28,37,70,CREP CP 21 Filter Strips,,
Zink Lake-Tippecanoe River,051201060509,5,7,250,260.47,324.319409141,364.512159199,732.10312337,Cover Crop,,
Lake Maxinkuckee,051201060601,2,4,12.1,15.2229568411,23.580882724,29.9869196462,60.0113640724,CREP CP 23A Wetland Restoration - Non-floodplain,,
House Ditch,051201060602,23,44,443.28,689.85,367.846797696,638.307253966,1272.40426027,Cover Crop,,
Slonaker Ditch-Tippecanoe River,051201060603,10,23,132.45,299.01,272.976947838,360.776285327,724.45002988,Early Successional Habitat Development/Management,,
Bartee Ditch-Tippecanoe River,051201060604,18,26,183.5,283.4,130.126471176,196.858501603,397.161430967,Early Successional Habitat Development/Management,,
Bruce Lake-Bruce Lake Outlet,051201060605,1,16,1.86,64.8843617998,333.146522641,516.839205492,1032.85481705,CREP CP 21 Filter Strips,,
Dilts Anstis Ditch-Tippecanoe River,051201060606,1,7,0.221418732782,15.9214187328,56.0178731668,50.66579422,101.505428884,Streambank and Shoreline Protection,,
Quigley Marsh Ditch,051201060607,3,3,8.8,8.8,5.0537408393,7.31804916456,14.7840828019,Conservation Cover,,
Tyler Weisjahn Ditch-Tippecane Ditch,051201060608,2,2,1.3,1.3,0.937842007441,1.29924068126,2.62226404835,Conservation Cover,,
Headwaters Mill Creek,051201060701,0,0,0,0,0,0,0,N/a,,
Reed Olmstead Ditch-Mill Creek,051201060702,0,2,0,0.233379247016,9.48278056991,7.01093729847,13.9839039315,N/a,,
Little Mill Creek,051201060703,9,9,418.56,418.56,460.259332121,548.655137413,1102.95299804,Cover Crop,,
Wilson Ditch-Mill Creek,051201060704,6,6,223.2,223.2,258.6838676,294.999820653,592.838476507,Cover Crop,,
Prather Ditch-Mill Creek,051201060705,7,10,152.6,164.2,65.4438417816,93.1325916211,188.045700711,Cover Crop,,
Walsh Ditch-Grassy Creek,051201060801,4,5,213.71,216.16,252.036308951,313.163867953,627.210576224,Cover Crop,,
Headwaters Indian Creek,051201060802,4,5,307.1,315.6,439.946369259,595.559571644,1191.03169414,Cover Crop,,
Fredericks Ditch-Little Indian Creek,051201060803,5,5,187.59,187.59,218.430028537,292.092222896,584.663195381,Cover Crop,,
Little Indian Creek,051201060804,7,8,274.5,321.4,394.729221206,490.814292876,985.110933333,Cover Crop,,
Town of Thornhope-Indian Creek,051201060805,5,7,34.72,34.8291827365,17.2594549438,24.931160603,50.1715081467,Cover Crop,,
Agnew Ditch,051201060901,26,29,967.2,975.6,348.326748554,499.070608949,1007.79745725,Cover Crop,,
Mud Creek,051201060902,3,10,149.6,163.409182736,71.1064863351,100.156506448,202.879041186,Cover Crop,,
Budd Fisher Ditch-Tippecanoe River,051201060903,10,10,340,340,124.578947676,178.018773677,359.462151114,Cover Crop,,
Stout Ditch-Tippecanoe River,051201060904,2,2,229.4,229.4,71.4689149004,105.203016043,212.563858546,Cover Crop,,
Scholtz Ditch,051201061001,22,27,367.28,390.66,181.420176719,251.321517744,509.661509189,Cover Crop,,
Headwaters Big Monon Ditch,051201061002,16,22,208.44,224.24,105.81383258,155.392929377,315.080768439,CREP CP 21 Filter Strips,,
Thompson Ditch-Big Monon Ditch,051201061003,9,13,245.4,261.3,143.122223267,212.234258979,427.445476261,Conservation Cover,,
Lincoln Ditch-Big Monon Ditch,051201061004,3,11,87.68,100.78,40.8957340742,58.8571489415,118.805837964,Cover Crop,,
Antrim Ditch,051201061005,4,5,35.6,38.5,18.3576371252,26.7885646506,54.8002929903,Forage and Biomass Planting,,
Mosley Ditch,051201061006,1,1,46.6,46.6,16.7467639774,23.9815573423,48.4263406571,Cover Crop,,
Stein Ditch-Big Monon Ditch,051201061007,8,9,247.1,249.4,114.285148267,156.090085904,314.88705395,Cover Crop,,
Big Monon Creek-Big Monon Ditch,051201061008,8,11,419.12,423.82,144.117895506,209.599148824,423.262117348,Cover Crop,,
Kesler Ditch-McKillip Ditch,051201061101,5,11,479.2,480.1,266.187103117,351.343788807,708.300055985,Cover Crop,,
Hill Ditch,051201061102,18,19,649.8,651.1,320.280697067,431.685663986,870.613120559,Cover Crop,,
McKillip Ditch,051201061103,0,0,0,0,0,0,0,N/a,,
Brown Ditch-Big Monon Creek,051201061104,53,57,1037,1043.5,620.444402881,803.162100325,1618.45343658,Cover Crop,,
Weltzin Ditch-Tippecanoe River,051201061201,5,6,96.5,110.5,57.3438310292,80.5448338074,162.139448149,Cover Crop,,
Harp Ditch-Tippecanoe River,051201061202,6,6,229.8,229.8,144.120603379,185.6806209,374.115286271,Cover Crop,,
Hollingsworth Ditch-Hoagland Ditcj,051201061203,15,18,934.5,959.8,1171.58701394,1564.52083436,3129.41376867,Cover Crop,,
Winters Ditch-Hoagland Ditch,051201061204,9,9,655.1,655.1,327.526092138,443.5386192,894.591386413,Cover Crop,,
Hoagland Bay-Hoagland Ditch,051201061205,3,3,195.5,195.5,107.556677909,143.314396248,288.955116374,Cover Crop,,
Keans Creek,051201061206,0,0,0,0,0,0,0,N/a,,
Headwaters Honey Creek,051201061207,0,0,0,0,0,0,0,N/a,,
Lake Shafer-Tippecanoe River,051201061208,0,1,0,6,2,4,8,N/a,,
Pike Creek-Tippecanoe River,051201061301,1,1,6.9,6.9,5.97691389655,8.01592160689,16.1675204817,Conservation Cover,,
Bell Ditch-Big Creek,051201061302,0,1,0,1.5,15.1,15.1,30.2,N/a,,
Deiter Ditch-Big Creek,051201061303,0,0,0,0,0,0,0,N/a,,
Lake Freeman-Tippecanoe River,051201061304,1,1,0.5,0.5,46,46,92,Grassed Waterway,,
Big Creek,051201061305,0,0,0,0,0,0,0,N/a,,
Spring Creek,051201061306,0,2,0,1.2,46,46,93,N/a,,
Myers Ditch-Moot Creek,051201061307,4,4,323.5,323.5,381.081250524,518.418760657,1035.84933824,Conservation Cover,,
Moots Creek,051201061308,0,8,0,15.3,223.570425662,225.552185213,451.39211347,N/a,,
Benham Cemetary-Tippecanoe River,051201061309,6,7,181,183.4,275.885147437,355.470400159,710.39956542,Cover Crop,,
Headwaters Turkey Creek,051201070101,6,6,411,411,510.214699731,698.146915257,1394.9313319,Cover Crop,,
North Creek-Mud Creek,051201070102,0,4,0,12.5,25.0300996625,31.0888465904,62.1371653369,N/a,,
Round Prairie Ditch-Turkey Creek,051201070103,0,1,0,1.5,2.95949026978,3.44498615438,6.88722090246,N/a,,
Middle Fork Ditch,051201070104,0,0,0,0,0,0,0,N/a,,
Grassy Fork,051201070105,0,0,0,0,0,0,0,N/a,,
Mud Creek,051201070106,0,0,0,0,0,0,0,N/a,,
Kokomo Waterworks Reservoir No. 2-Wildcat Creek,051201070107,0,2,0,0.2,7.83130462115,7.90516068919,15.8098215634,N/a,,
Taylor Run-Kokomo Creek,051201070108,3,3,83,83,132.079517087,174.440755123,348.583474742,Cover Crop,,
Cannon-Goyer Ditch-Wildcat Creek,051201070109,1,1,37.82,37.82,52.7379182355,70.8146430575,141.500508769,Cover Crop,,
Harness Ditch-Middle Fork Wildcat Creek,051201070201,3,5,160.83,165.73,285.321627535,360.691992551,720.881603262,Cover Crop,,
Robertson Branch-Middle Fork Wildcat Creek,051201070202,2,5,3.1,5.1,192.736642486,193.173272599,386.345018705,Field Border,,
Campbells Run,051201070203,4,18,50.5,68.5,1860.2438409,1882.77507077,3765.00187173,Conservation Cover,,
Town of Rossville-Middle Fork Wildcat Creek,051201070204,3,19,19,25.1078971534,514.340857863,623.234342757,1238.4522474,Cover Crop,,
Hog Run-Middle Fork Wildcat Creek,051201070205,7,7,45.4951561065,45.4951561065,85.8274446067,107.854783163,215.562030832,Fence,,
Swamp Creek,051201070301,1,9,44.5,56.6,231.614495295,262.187200558,524.358497883,Cover Crop,,
Shanty Creek-Kilmore Creek,051201070302,0,0,0,0,0,0,0,N/a,,
Stump Ditch-Kilmore Creek,051201070303,0,6,0,49.8776859504,269.905410905,298.228403574,596.45149483,N/a,,
Talbert Ditch-South Fork Wildcat Creek,051201070304,5,9,165.6,239.884366391,550.782232576,687.239908005,1413.65255387,Cover Crop,,
Prairie Creek,051201070305,0,9,0,19.8532598714,353.5,400.9,913,N/a,,
Kilmore Creek,051201070306,0,13,0,14.2982093664,398.520583518,411.798295579,820.496564401,N/a,,
Spring Creek,051201070307,2,6,0.3,0.606887052342,15.7219206531,13.2602188482,26.5492984201,Cover Crop,,
Jenkins Ditch-South Fork Wildcat Creek,051201070308,9,24,180.4,266.4,857.04742211,994.447277474,1988.34823144,Cover Crop,,
Lauramie Creek,051201070309,2,2,92.7,92.7,127.577896672,167.953953639,335.625244085,Cover Crop,,
Town of MUlberry-South Fork Wildcat Creek,051201070310,3,4,128.7,128.753719008,206.078312864,266.215843865,559.945190926,Cover Crop,,
Town of Dayton-South Fork Wildcat Creek,051201070311,0,6,0,4.48071625344,42.2,44.2,87.4,N/a,,
West Fork-Little Wildcat Creek,051201070401,0,0,0,0,0,0,0,N/a,,
Little Wildcat Creek,051201070402,3,6,93,177.4,274.245672953,371.139361233,741.569498901,"Residue and Tillage Management, No-Till",,
Kitty Run-Wildcat Creek,051201070403,10,13,161.2,169.9,918.768663277,997.789628782,1996.02303892,Cover Crop,,
Honey Creek,051201070404,0,13,0,75.8321395776,954.089414003,998.793940188,1996.36541962,N/a,,
Dearinger Ditch-Wildcat Creek,051201070405,1,10,44.97,56.27,524.665485598,648.057453223,1295.06190548,Cover Crop,,
Petes Run-Wildcat Creek,051201070406,17,22,577.7,578.357116621,835.804496857,1099.94629935,2197.01496028,Cover Crop,,
Hurricane Creek-Hurricane Creek,051201070407,14,30,319.1,335.474471993,1051.06468115,1389.21968806,2931.66421822,Cover Crop,,
Town of Owasco-Wildcat Creek,051201070408,4,28,98.6,299.940633609,571.779392933,728.802346742,1455.45670851,Conservation Cover,,
Dry Run-Wildcat Creek,051201070409,1,1,60.9,60.9,69.0161328544,95.178615272,190.166998829,Cover Crop,,
Romney Fraley Ditch,051201080101,11,27,214.33,261.553507805,981.502060618,1171.80180595,2339.70804736,CREP CP 21 Filter Strips,,
East Branch Wea Creek,051201080102,4,14,175.9,240.6,691.337279059,930.757225964,1858.81328838,Cover Crop,,
Haywood Ditch-Wea Creek,051201080103,2,7,16.7,26.5,361.611653314,391.981931397,786.028176684,Field Border,,
Elliot Ditch,051201080104,3,14,9,84.1821854913,404.359177228,293.846230033,1432.30027397,Heavy Use Area Protection,,
Little Wea Creek,051201080105,96,109,3179.8,3187.91767677,5022.32658378,6454.41378034,13171.4616025,Cover Crop,,
Kenny Ditch-Wea Creek,051201080106,3,7,221.9,225.909182736,412.692180243,513.058977454,1025.39302427,Cover Crop,,
North Fork Burnett Creek,051201080201,7,13,163.2,170.7,1182.20100147,1606.38024901,3096.55266973,Conservation Cover,,
Headwaters Burnett Creek,051201080202,6,11,383,396.6,997.399799149,1200.63541216,2403.0827118,Cover Crop,,
Cedar Hollow-Wabash River,051201080203,0,24,0,30.1210284665,28.170866486,257.661681567,278.577417342,N/a,,
Headwaters Mud Pine Creek,051201080301,5,6,370.9,372,395.149329384,552.013968772,1102.87438174,Cover Crop,,
Seamons Ditch-Mud Pine Creek,051201080302,36,40,1142.6,1165.5,1359.67947764,1863.08978532,3722.53636818,Cover Crop,,
Goose Creek-Mud Pine Creek,051201080303,25,39,1378.8137741,1421.84591368,1993.34696325,2587.22593423,5170.07310878,Cover Crop,,
Spring Branch-Mud Pine Creek,051201080304,30,48,1750.6,1833.06129477,3938.39957228,5062.3573023,10049.7795614,Cover Crop,,
Roudebush Ditch-Big Pine Creek,051201080401,0,0,0,0,0,0,0,N/a,,
Big Pine Creek Ditch-Big Pine Creek,051201080402,21,29,1091.1,1097.56267218,1821.32484815,2288.06490117,4572.76655085,Cover Crop,,
Little Pine Creek,051201080403,4,15,288,328.077134986,505.466202105,627.407560499,1250.79885245,Cover Crop,,
Owens Ditch-Big Pine Creek,051201080404,21,29,843.708264463,871.196648301,1294.18689876,1682.34924295,3362.15345472,Early Successional Habitat Development/Management,,
Brumm Ditch-Big Pine Creek,051201080405,12,29,296.9,335.220982553,817.161358958,1036.36366755,2013.78329946,Cover Crop,,
Darby Ditch-Big Pine Creek,051201080406,8,12,278.2,281.5,352.766409506,474.51055961,947.139102819,Cover Crop,,
Brown Ditch,051201080407,11,20,378.7,400.480348944,657.200533393,853.523957346,1705.84125555,Cover Crop,,
Harrington Creek-Big Pine Creek,051201080408,4,4,248.3,248.3,302.103505142,408.615485797,816.46803983,Cover Crop,,
Pine Village-Big Pine Creek,051201080409,16,26,703.79,732.914104683,1486.9620562,1787.61711574,3573.96868203,Cover Crop,,
Hog Back Hill-Big Pine Creek,051201080410,13,15,399.2,402,817.848435648,1022.98196787,2043.58820823,Cover Crop,,
Indian Creek,051201080501,8,15,150.6,173.1,495.698160476,703.214979931,1398.76462049,Conservation Cover,,
Jordan Creek-Wabash River,051201080502,7,21,123.5,568.96,1192.88883976,2028.24659864,3944.89665109,Wetland Restoration,,
Lost Creek-Wabash River,051201080503,15,29,441.3,542.408034894,1232.99505998,1648.99879205,3264.67550303,Cover Crop,,
Flint Run-Flint Creek,051201080504,23,27,420.026170799,427.426170799,1864.09769362,2056.89548783,4109.50745417,Water and Sediment Control Basin,,
Otterbein Ditch-Little Pine Creek,051201080505,11,20,225.48,267.08,767.825388976,960.946666665,1901.27299815,Conservation Cover,,
Armstrong Creek-Little Pine Creek,051201080506,19,28,939.7,956.517447199,1649.27154391,2071.06745495,4135.2280639,Cover Crop,,
Flint Creek-Wabash River,051201080507,6,7,152.97,154.22,247.533056397,338.111891094,674.709430024,Cover Crop,,
Headwaters Kickapoo Creek,051201080508,12,12,648.1,648.1,1215.82300296,1488.9337278,2976.12728124,Cover Crop,,
West Fork Kickapoo Creek,051201080509,24,26,582.8,605.1,1160.46563863,1422.79524809,2842.92250482,Cover Crop,,
Turkey Run-Wabash River,051201080510,14,20,179.42,216.42,661.745207124,765.865633268,1530.24712401,Conservation Cover,,
Headwaters Big Shawnee Creek,051201080601,10,49,265.15,324.948025712,2992.7023651,3117.61690617,6226.04392117,Cover Crop,,
Little Shawnee Creek-Big Shawnee Creek,051201080602,12,26,93.8068870523,108.906887052,1319.18803526,1366.15123441,2729.91225483,Grassed Waterway,,
Fall Branch-Wabash River,051201080603,5,11,139.8,165.958494031,608.303401585,693.170886721,1383.82054559,Cover Crop,,
Rock Creek-Wabash River,051201080604,13,14,185.7,187.6,472.250682025,553.856913594,1107.22864757,Conservation Cover,,
Redwood Creek,051201080605,12,26,270.6,290.265128558,1261.02537099,1376.95761508,2747.28494166,Cover Crop,,
Opossum Run,051201080606,12,20,102.424242424,108.424242424,332.562525615,370.323420318,738.424155149,Cover Crop,,
Racoon Creek-Wabash River,051201080607,0,9,0,139.4,695.503660113,726.535001455,1448.01161517,N/a,,
Mallory Branch-Wabash River,051201080608,14,47,195.56,207.876069789,1569.94943373,1688.84834013,3372.69536196,Cover Crop,,
Joseph Ludlow Ditch-Joseph Ludlow Ditch,051201080701,4,12,217.9,228.8,995.680688671,1085.82000555,2168.62729001,Cover Crop,,
Turkey Run,051201080702,3,17,4.92203856749,15.6220385675,557.48608435,560.68293003,1116.44342461,Lined Waterway or Outlet,,
Charles Ludloe Ditch-North Fork Coal Creek,051201080703,4,21,195.1,209.131336088,1284.57971391,1413.503225,2819.39814832,Cover Crop,,
Harrison Lake-Coal Creek,051201080704,14,55,116.239944904,158.165656566,4402.85650087,4464.71200701,8977.17715506,Cover Crop,,
Headwaters East Fork Coal Creek,051201080705,0,21,0,17.8080348944,492.01910108,494.709302059,985.59996639,N/a,,
Town of Hillsboro-East Fork Coal Creek,051201080706,0,15,0,5.9222681359,264.441518085,260.565884053,517.162175749,N/a,,
Rose Cemetary-East Fork Coal Creek,051201080707,13,59,6.81377410468,39.4515381084,1930.39902301,1925.07935957,3738.53245183,Grassed Waterway,,
Dry Run-Coal Creek,051201080708,8,71,136.41,194.32,3435.99664091,3502.65458008,7003.64838342,Tree/Shrub Establishment,,
Spring Creek,051201080801,0,4,0,17.6,44.1807279765,56.5919033786,114.094768766,N/a,,
Jordan Creek,051201080802,5,11,55.7,60.8339302112,159.859713021,181.998003826,366.371250722,Cover Crop,,
Collette Pond-Wabash River,051201080803,0,12,0,17.4,376.183124807,584.190246716,762.33011426,N/a,,
Graham Creek,051201080901,5,61,4.10619834711,65.1061983471,2605.04752735,2619.19697207,5323.63808182,Lined Waterway or Outlet,,
Prairie Creek,051201080902,1,29,5.5,47.5,1944.07353275,2005.10629883,4004.07405364,Field Border,,
Cooper Chapel-Coal Creek,051201080903,10,56,153,216.6,3320.26131304,2570.79511925,5155.37160265,Cover Crop,,
Upper Jordan Creek,051201090701,0,1,0,0.0241046831956,2.9,2.9,6,N/a,,
Little Creek,051201090702,2,2,102.3,102.3,180.462163969,224.006016898,447.730036413,Cover Crop,,
Whipporwill Branch-Middle Branch,051201090703,2,5,210,213.116069789,682.226647088,771.856757094,1544.12328243,Cover Crop,,
Middle Jordan Creek,051201090704,0,0,0,0,0,0,0,N/a,,
Lower Jordan Creek,051201090705,0,0,0,0,0,0,0,N/a,,
Leuch Ditch,051201090801,4,6,12.6,18.565748393,35.2418194365,46.9122720178,92.7601061394,Early Successional Habitat Development/Management,,
Prairie Green-North Fork Vermilion River,051201090802,0,0,0,0,0,0,0,N/a,,
Hoffman Cemetery-Stony Creek,051201090902,0,0,0,0,0,0,0,N/a,,
Lick Creek,051201090903,0,0,0,0,0,0,0,N/a,,
Coal Branch,051201090905,5,14,134.5,154.6,323.084691007,382.481095323,803.875615286,Cover Crop,,
Mallott Ditch-Sugar Creek,051201100101,19,19,695.8,695.8,1224.16317676,1534.89576079,3067.74610775,Cover Crop,,
Scott Wincoup Ditch-Sugar Creek,051201100102,11,19,548.1,588.9,1592.399336,1847.31916718,3692.86701146,Cover Crop,,
Mud Creek,051201100103,1,4,65,70.1639348026,84.5674216184,118.483541216,235.767559829,Cover Crop,,
Rose Ditch-Brown Wonder Creek,051201100104,3,8,135.3,139.2,307.314260873,360.611841512,720.631923046,Cover Crop,,
Barnes Ditch-Sugar Creek,051201100105,3,4,1.67006427916,3.87006427916,270.7,273.7,541.5,Grassed Waterway,,
Reagan Run,051201100106,0,5,0,6.5120523416,948.061868767,948.848905732,1897.79256419,N/a,,
Spring Creek-Sugar Creek,051201100107,4,7,182.96,187.56,600.159963045,668.544080222,1337.08347463,Cover Crop,,
Brush Creek-Sugar Creek,051201100108,0,6,0,44.2,70.6944308559,90.7791364166,180.491258256,N/a,,
Headwaters Little Potatoe Creek,051201100201,0,1,0,0.9,105.84,105.84,211.68,N/a,,
Bowers Creek,051201100202,2,13,19.2,31.4160697888,529.795194532,613.911254365,1197.8012374,Wetland Restoration,,
Lye Creek Drain,051201100203,0,4,0,1.7,141.6,141,284,N/a,,
Little Potatoe Creek-Lye Creek,051201100204,11,19,453.8,459.1,797.322356017,988.988702917,1980.69207319,Cover Crop,,
Little Creek-Little Sugar Creek,051201100301,1,3,80,83.7931129477,340.76956581,369.943805363,740.668351308,Cover Crop,,
Little Sugar Creek,051201100302,2,29,39.7,69.8,1076.11902187,1090.78964223,2179.50711995,Cover Crop,,
Town of Linnsburg-Walnut Fork Sugar Creek,051201100303,14,38,368.1,392.516069789,1816.36461319,1969.97174614,3940.81022943,Cover Crop,,
Sanitary Ditch-Prairie Creek,051201100401,0,0,0,0,0,0,0,N/a,,
Deer Creek-Prairie Creek,051201100402,1,10,58.4,73.5,227.758510096,326.424891056,643.745998993,Cover Crop,,
Wolf Creek,051201100403,0,7,0,31,2128.96715709,2107.54579523,4215.63428117,N/a,,
Goldsberry Creek-Sugar Creek,051201100404,6,13,257.2,275.520339761,1070.88576603,1179.45775849,2358.84365357,Cover Crop,,
Withe Creek-Sugar Creek,051201100405,4,12,2.3,9.4484389348,302.729230091,304.460077354,608.909378288,Conservation Cover,,
Hazel Creek-Sugar Creek,051201100406,3,23,141.3,168.3,1531.82640632,1598.80101529,3194.13994371,Cover Crop,,
Town of Garfield-Sugar Creek,051201100407,1,5,18.63,19.83,89.370598398,97.1244824391,191.19851558,Cover Crop,,
Headwaters Sugar Mill Creek,051201100501,1,65,0.3,61,3734.2474532,3739.3735534,7395.0139979,Grassed Waterway,,
Headwaters Black Creek,051201100601,0,4,0,1.6,72.3924355137,72.4595703043,142.918718963,N/a,,
Liberty Chapel-Black Creek,051201100602,0,34,0,37.8241046832,3023.8,3023.2,6044,N/a,,
Mill Creek-Sugar Creek,051201100604,3,27,13.5,54.1,489.215934084,507.175059214,1011.23152866,Cover Crop,,
Owl Creek-White River,051202010101,4,5,606,608,1163.46833484,1431.25252047,2860.7905735,"Residue and Tillage Management, No-Till",,
Peach Creek-White River,051202010102,1,6,2.5,5.6241046832,117.61885015,137.357256488,272.70202565,Field Border,,
Eightmile Creek-White River,051202010103,0,7,0,9.4080348944,323.2,353.5,706,N/a,,
Cabin Creek,051202010104,14,16,289.5,304.1,685.659978403,974.000270696,1892.16323888,Cover Crop,,
Sparrow Creek-White River,051202010105,0,2,0,15.4,47.5853387917,50.1026107708,100.190144711,N/a,,
Little White River,051202010106,25,44,485.5,551.048209366,1204.67213078,1472.76153474,2939.71755672,Cover Crop,,
Little Stoney Creek-Stoney Creek,051202010107,13,19,247.1,252.8,658.320277661,755.284258374,1510.92933419,Cover Crop,,
Prairie Creek Reservoir-Prairie Creek,051202010108,11,12,250,251.1,344.382832092,452.24165732,903.828909225,Cover Crop,,
Mud Creek-White River,051202010109,2,3,6,28,32.8528265352,42.0009737375,83.9396434375,Forage and Biomass Planting,,
Truitt Ditch-White River,051202010110,3,3,75.1,75.1,99.7565638677,132.159574613,264.092376459,Cover Crop,,
Hamilton Ditch-Muncie Creek,051202010111,0,0,0,0,0,0,0,N/a,,
Little Buck Creek-Buck Creek,051202010201,6,6,295.22,295.22,451.866183949,564.631430269,1128.52919472,Cover Crop,,
Bethel Brook-Bell Creek,051202010202,0,1,0,25.8,72,98,195,N/a,,
No Name Creek-Bell Creek,051202010203,1,1,10.8,10.8,16.1112526664,20.8590289286,41.6856263034,Cover Crop,,
Macedonia Creek-Buck Creek,051202010204,4,8,70.1,70.3592286501,109.315619765,136.64755193,273.106955543,Cover Crop,,
Mud Creek-Killbuck Creek,051202010301,0,0,0,0,0,0,0,N/a,,
Jakes Creek,051202010302,0,0,0,0,0,0,0,N/a,,
Thruston Ditch-Killbuck Creek,051202010303,0,0,0,0,0,0,0,N/a,,
Little Killbuck Creek,051202010304,0,10,0,42.1,113.530363873,138.618637146,277.060448747,N/a,,
York Prairie Creek-White River,051202010305,1,5,30.48,30.9382185491,41.8814628084,47.0696052271,94.10919801,CREP CP 31 Bottom Timber Establishment on Wetland,,
Shoemaker Ditch-White River,051202010306,0,0,0,0,0,0,0,N/a,,
Moon Branch-Killbuck Creek,051202010307,0,0,0,0,0,0,0,N/a,,
Turkey Creek-White River,051202010308,0,0,0,0,0,0,0,N/a,,
Elm Run-Indian Creek,051202010309,2,3,33.5,34,78.292164859,91.6115068642,183.137906921,Conservation Cover,,
Town of Perkinsville-White River,051202010310,1,8,4,25.1,41.3109662718,48.3222047778,96.6034396609,Tree/Shrub Establishment,,
Yeager Finley Menard Ditch-Pipe Creek,051202010401,0,0,0,0,0,0,0,N/a,,
Stem Run-Pipe Creek,051202010402,0,0,0,0,0,0,0,N/a,,
Star Creek-Mud Creek,051202010403,0,1,0,27.2,53.7765077502,72.6465799436,145.153473929,N/a,,
Polecat Creek-Pipe Creek,051202010404,0,0,0,0,0,0,0,N/a,,
Lilly Creek-Pipe Creek,051202010405,2,2,0.9,0.9,159,159,317,Grassed Waterway,,
Swanfelt Ditch-Pipe Creek,051202010406,0,3,0,26.8,60.3761846006,79.4434145608,158.748651689,N/a,,
Shell Cemetary-Pipe Creek,051202010407,0,3,0,8.01,12.8960501422,14.651245408,29.2934047564,N/a,,
Todd Ditch-Duck Creek,051202010501,0,0,0,0,0,0,0,N/a,,
Little Duck Creek-Big Duck Creek,051202010502,0,0,0,0,0,0,0,N/a,,
Polywog Creek-Duck Creek,051202010503,0,1,0,3.4,8.18830906669,10.7159902265,21.4136184839,N/a,,
Bear Creek,051202010504,1,4,4.1,8.41496786042,15.8274413942,19.8594106902,39.6909801732,Early Successional Habitat Development/Management,,
Lamberson Ditch-Duck Creek,051202010505,2,3,4.8,6.1,11.6086007994,15.1237071173,30.2223009471,Early Successional Habitat Development/Management,,
Prairie Creek,051202010601,5,9,133.1,140.5,263.749213675,576.340803185,927.31009317,Cover Crop,,
Cox Ditch,051202010602,0,1,0,0.482093663912,82,116,232,N/a,,
Dixon Creek-Cicero Creek,051202010603,7,8,226.2,227.8,368.474998473,487.44205061,974.044242833,Cover Crop,,
Buck Creek-Cicero Creek,051202010604,0,0,0,0,0,0,0,N/a,,
Tobin Ditch-Cicero Creek,051202010605,12,12,684.89,684.89,897.516123148,1206.77135349,2410.36868849,"Residue and Tillage Management, No-Till",,
Weasel Creek-Cicero Creek,051202010606,0,0,0,0,0,0,0,N/a,,
Teter Branch-Little Cicero Creek,051202010607,1,3,9.9,10.6,25,29,57.9,CREP CP 23A Wetland Restoration - Non-floodplain,,
Little Cicero Creek,051202010608,0,3,0,1.9160697888,57,57,113,N/a,,
Hinkle Creek,051202010609,1,3,1,7.6,9.15322039573,10.9217573522,21.8329582951,Pollinator Habitat,,
Morse Reservoir-Cicero Creek,051202010610,2,9,0.75,0.977488980716,14.4676550565,15.0798745516,33.064263433,Pollinator Habitat,,
Dyers Creek-White River,051202010701,3,4,16.8,16.9,32.6657299541,39.5847697996,78.1229288341,Cover Crop,,
Headwaters Stony Creek,051202010702,2,2,158,158,231.377756678,303.061196564,605.625533479,Cover Crop,,
William Lock Dtich-Stony Creek,051202010703,1,4,1,5.5,15.2336984748,19.4017508523,38.8026373669,Tree/Shrub Establishment,,
William Lehr Ditch-Stony Creek,051202010704,2,4,0.105418732782,0.880212121212,8.13201040775,14.534369391,38.6687304295,Pollinator Habitat,,
Mallory Granger Ditch-White River,051202010705,0,3,0,7.41790633609,29.9072935035,19.3639687569,23.7184659739,N/a,,
Honey Creek-Fall Creek,051202010801,1,1,40,40,64.7153172466,80.130006705,160.161062859,Cover Crop,,
Sly Fork,051202010802,0,0,0,0,0,0,0,N/a,,
Prairie Creek-Fall Creek,051202010804,0,2,0,0.00264003673095,2,2,4,N/a,,
Foster Branch,051202010806,0,0,0,0,0,0,0,N/a,,
Headwaters Mud Creek,051202010901,8,10,339.3,341.3,600.949114842,767.164592348,1534.26678084,Cover Crop,,
Cool Creek,051202011001,5,17,1.71447842057,351.656052342,120.694902599,183.337750701,1551.65775821,Critical Area Planting,,
Dixon Branch-Eagle Creek,051202011101,2,2,149.3,149.3,130.116516546,185.13576814,369.862388389,Cover Crop,,
Mounts Run,051202011102,0,1,0,1.69880624426,12,12,24,N/a,,
Finley Creek-Eagle Creek,051202011103,1,5,11.9,15,408.022120001,415.230638299,730.405238836,Early Successional Habitat Development/Management,,
Lion Creek-Little Eagle Branch,051202011104,1,5,0.5,4.03213957759,74.2653254088,76.0595304626,151.508588713,Pollinator Habitat,,
Fleugel Ditch-Dausman Ditch,071200010306,2,2,52.7,52.7,78.0740909602,86.901503107,174.544068391,Cover Crop,,
Dausman Ditch,071200010308,4,4,153.4,153.4,172.594605198,203.33322233,408.898359253,Cover Crop,,
Stone Ditch-Yellow River,071200010310,4,10,88.62,97.3074655647,131.225742615,145.694727922,293.666723322,Cover Crop,,
Town of Argos-Wolf Creek,071200010501,0,0,0,0,0,0,0,N/a,,
Dixon Lake-Yellow River,071200010502,4,4,7.00626721763,7.00626721763,10.7692247232,11.5700951677,23.2239426433,Pollinator Habitat,,
Clifton Ditch-Yellow River,071200010503,0,0,0,0,0,0,0,N/a,,
Eagle Creek,071200010504,7,8,93.3,93.3045913682,139.959199547,156.123469189,313.624285441,Conservation Cover,,
Bickle Ditch-Yellow River,071200010505,1,3,0.1,55.1,26.0809512887,43.109224769,87.2203203464,Early Successional Habitat Development/Management,,
Cavanaugh Ditch-Yellow River,071200010506,0,2,0,0.0173094582186,0,0,0,N/a,,
Hook Run-Bogus Run,071200010601,16,19,399.2,411.9,154.16643728,230.080949255,464.462836089,Early Successional Habitat Development/Management,,
Cedar Lake Ditch-Craigmile Ditch,071200010602,9,10,216.1,223,93.104970915,142.280336413,288.158886528,Early Successional Habitat Development/Management,,
Craigmile Ditch-Kline Arm,071200010603,6,9,58.2,97.2,42.5169140518,64.2783423083,129.97199312,Early Successional Habitat Development/Management,,
Pine Creek-Bogus Run,071200010604,8,9,31.7,45.2,21.9407199332,32.7174829287,66.1367434423,Early Successional Habitat Development/Management,,
Laramore Ditch-Kankakee River,071200010705,3,3,6.5,6.5,101.018147731,141.165003265,282.081102906,Wetland Restoration,,
Hanna Arm Tuesburg Ditch,071200010802,1,2,150.8,152.2,138.097977714,199.795722971,399.155780868,Cover Crop,,
Bessler Ditch-Pitner Ditch,071200010805,0,6,0,10.7,79.635073217,113.08534818,226.21255588,N/a,,
Origer Ditch-Kankakee River,071200010806,2,3,5.3,14.9,7.23945796958,10.7934185783,21.8182696236,Early Successional Habitat Development/Management,,
Rassmussen Ditch-Kankakee River,071200010807,10,31,156.5,231.9,148.309830227,211.296750789,425.239342292,Early Successional Habitat Development/Management,,
Cook Ditch,071200010808,0,6,0,15.2,103.198084124,146.649618179,290.415303435,N/a,,
Davis Ditch-Kankakee River,071200010809,1,2,17.5,19.3,24.2539892499,32.4225142727,64.7979645045,Cover Crop,,
Headwaters Wolf Creek,071200010901,0,1,0,2.9,2,3,6,N/a,,
Hickam Lateral-Wolf Creek,071200010902,7,10,103.465748393,111.965748393,87.7897909759,131.594658396,265.998943261,Conservation Cover,,
Delehanty Ditch-Hodge Ditch,071200010903,6,7,165.7,170.3,59.4130462682,85.8642042958,173.422758389,Cover Crop,,
Cook Ditch-Hodge Ditch,071200010904,0,0,0,0,0,0,0,N/a,,
Reeves Ditch,071200011005,1,1,56.2,56.2,57.0128812682,80.8526820456,161.52781217,Cover Crop,,
Hannon Ditch-Crooked Creek,071200011006,1,1,68.7,68.7,78.420720236,108.61490174,217.009206876,Cover Crop,,
Ahlgrim Ditch,071200011008,0,0,0,0,0,0,0,N/a,,
Cornell Ditch-Phillips Ditch,071200011009,10,30,512.9,532.259090909,1635.88907605,1865.43911268,3728.20374339,Cover Crop,,
Cobb Creek-Kankakee River,071200011010,11,15,459.5,463.8,1194.04771363,1339.56137062,2675.60483654,Cover Crop,,
Dehaan Ditch,071200011101,6,8,6.04426078972,13.6442607897,9.00647238068,12.5748159263,25.3839814989,Early Successional Habitat Development/Management,,
Wentworth Ditch-Knight Ditch,071200011102,20,29,628.4,666.5,553.239387821,748.814511415,1504.87457354,Cover Crop,,
Brown Levee Ditch-Kankakee River,071200011103,12,14,63.3,77.8,58.5672092987,79.9300123657,160.771932493,Early Successional Habitat Development/Management,,
Gregory Ditch-Mud Lake Ditch,071200011201,2,2,74.1,74.1,32.8627827984,45.1413496256,91.0737334641,Cover Crop,,
Mud Lake Ditch-Beaver Lake Ditch,071200011202,4,4,66,66,36.0303461913,50.3763133575,101.686414684,Early Successional Habitat Development/Management,,
Lawler Ditch-Beaver Lake Ditch,071200011203,22,27,639.6,1271.4,661.203720592,978.506939556,1963.12765595,Cover Crop,,
Williams Ditch,071200011204,4,4,200,200,205.879193624,291.11383023,581.594325168,Cover Crop,,
Beaver Lake Ditch-Kankakee River,071200011205,0,6,0,18.9,22.6069671224,26.6570385066,54.55989867,N/a,,
Fisher Pond- Stony Run,071200011302,5,13,131.2,156.420087236,265.522887368,333.885128488,664.565607713,Cover Crop,,
Spring Run,071200011303,0,0,0,0,0,0,0,N/a,,
Greisel Ditch,071200011304,1,1,8,8,10.3551752215,13.9855962339,27.9452466647,Cover Crop,,
Bryant Ditch-Singleton Ditch,071200011305,7,7,568.8,568.8,523.138846221,755.892514657,1510.02513221,Cover Crop,,
Cedar Creek,071200011306,0,0,0,0,0,0,0,N/a,,
Brown Ditch,071200011307,0,3,0,2.3,4.46763499313,5.99551398486,11.9798519697,N/a,,
Klaasville-West Creek,071200011309,24,25,38.8767676768,42.6767676768,232.755750806,332.643205692,664.523824236,Early Successional Habitat Development/Management,,
West Creek,071200011310,2,6,100,102.112052342,126.139596812,168.756915115,338.097162584,Cover Crop,,
Bruce Ditch-Singleton Ditch,071200011311,4,4,100.4,100.4,127.404170586,170.225829917,340.133530982,Cover Crop,,
Bull Creek-Singleton Ditch,071200011312,0,0,0,0,0,0,0,N/a,,
Singleton Ditch,071200011313,0,0,0,0,0,0,0,N/a,,
Mirror Lake-Kankakee River,071200011403,0,0,0,0,0,0,0,N/a,,
Ringneck Lake-Oliver Ditch,071200020101,0,6,0,29.6,13.3061062636,20.2560883106,41.8325786428,N/a,,
Lateral No 77 Ditch-Oliver Ditch,071200020102,1,3,0.9,3.9,2.41721878322,3.45164237679,6.97096002195,Conservation Cover,,
Jungles Ditch-Oliver Ditch,071200020103,1,22,0.7,59.6,32.4002727182,47.4268777581,95.8349026626,Conservation Cover,,
Keefe Ditch,071200020201,7,13,938.2,971.6,461.172248943,632.454474326,1276.46073561,Cover Crop,,
Jordan Ditch-Slough Creek,071200020202,17,32,991.08,1043.18,420.526335459,586.348849668,1181.60828581,Cover Crop,,
Nessius Ditch-Bice Ditch,071200020203,5,14,548.7,584.5,352.812388616,499.620523173,1007.55474809,Cover Crop,,
Headwaters Carpenter Creek,071200020204,14,19,328.8,342.4,462.787111754,608.328356056,1215.72410811,Cover Crop,,
Carpenter Creek,071200020205,0,6,0,14.2,26.627221282,32.6636417299,65.0584324476,N/a,,
Bice Ditch-Slough Creek,071200020206,0,8,0,16.7,9.79653168492,14.8913950637,29.9848862988,N/a,,
Headwaters Iroquois River,071200020301,5,5,96.24,96.24,33.1380502837,48.9347896194,98.8850841595,Conservation Cover,,
Iliff Slough Lateral-Ryan Ditch,071200020302,0,4,0,9.1,5.2391330558,8.03879634171,15.1294641651,N/a,,
Dexter Ditch-Iroquois River,071200020303,2,17,4.7,67.3,30.5973636543,41.7106772452,85.1375998117,Conservation Cover,,
Ryan Ditch,071200020304,1,8,1,7.3,146.054942569,146.71876297,291.180960212,Grassed Waterway,,
Moore Ditch-Iroquois River,071200020305,2,5,122.6,129.734435262,27.3228131859,52.3955334767,107.288679797,Conservation Cover,,
Headwaters Curtis Creek,071200020401,24,38,515.67,612.17,452.823652594,978.087334098,4928.53732578,Cover Crop,,
Turner Ditch-Iroquois River,071200020402,9,27,332.83,378.63,206.5375363,269.675272694,546.859968363,Cover Crop,,
Hunter Ditch,071200020403,36,41,1695.37,1706.07,783.827644805,1070.03631373,2157.36947148,Cover Crop,,
Bower Ditch-Darroch Ditch,071200020404,0,4,0,9.7,41,44,92,N/a,,
Hickory Branch-Iroquois River,071200020405,5,18,276.16,337.780661157,193.029866688,273.883802586,563.455661587,Cover Crop,,
Clark Ditch-Thompson Ditch,071200020501,6,8,77.2,80.4,94.9099245496,109.805425687,220.344361126,Cover Crop,,
Whaley Ditch,071200020502,4,5,33.8,58.8,38.5730265103,56.6122370962,113.816556773,Conservation Cover,,
Strole Ditch-Iroquois River,071200020503,5,12,98.2,108.7,55.3264471345,79.2364084408,159.632131009,Cover Crop,,
Headwaters Montgomery Ditch,071200020504,5,11,13.4,35.9,107.559882444,129.559908843,258.122913083,Early Successional Habitat Development/Management,,
Kent Ditch-Montgomery Ditch,071200020505,7,7,550.4,550.4,720.249360638,957.821470491,1914.02923206,"Residue and Tillage Management, No-Till",,
Montomery Ditch,071200020506,23,26,951.2,959.5,569.513889054,773.600716931,1554.73737396,Cover Crop,,
North Sheldon South Concord Ditch-Iroquois River,071200020507,0,0,0,0,0,0,0,N/a,,
Blackstone Branch-Iroquois River,071200020508,0,0,0,0,0,0,0,N/a,,
Upper Sugar Creek-Sugar Creek,071200020701,12,12,476,476,556.300214138,763.188342346,1524.87770975,Cover Crop,,
Coon Creek-Mud Creek,071200020702,8,24,503.5,532.918112948,1807.63595722,2187.56288502,4371.35290115,Cover Crop,,
Kult Ditch-Mud Creek,071200020703,6,9,259,285,438.858320412,613.611897708,1226.40270144,Cover Crop,,
Cole Creek-Mud Creek,071200020704,3,3,23.1,23.1,39.6002226638,55.0200299185,109.923463007,Early Successional Habitat Development/Management,,
Yeagers Curve-Sugar Creek,071200020705,12,18,78.5,93.4213957759,248.339280611,292.826541619,584.341214517,Early Successional Habitat Development/Management,,
Town of Stockland,071200020706,0,0,0,0,0,0,0,N/a,,
Possum Trot Ditch,071200020709,0,0,0,0,0,0,0,N/a,,
Coon Creek,071200020710,0,0,0,0,0,0,0,N/a,,
Hanger Ditch-Beaver Creek,071200021301,16,17,582.1,582.5,257.403352584,359.135506871,723.766814263,Cover Crop,,
Deardruff Ditch-Beaver Creek,071200021302,2,2,237.5,237.5,92.1810356725,130.015304829,262.456870346,Cover Crop,,
Carlson Ditch-Beaver Creek,071200021303,7,11,160.4,180.9,131.835823148,201.201649132,397.5033896,Cover Crop,,
Hooper Branch,071200021304,0,0,0,0,0,0,0,N/a,,
North Hooper-Beaver Creek,071200021305,0,0,0,0,0,0,0,N/a,,
Headwaters Little Beaver Creek,071200021306,0,0,0,0,0,0,0,N/a,,
